,tempogram_x256,tempogram_y256,tempogram_z320,tempogram_y320,tempogram_x320,tempogram_z319,tempogram_y318,tempogram_z318,tempogram_x319,tempogram_y319,tempogram_z255
0,0.4760220582438264,0.445113431410193,1.9782665232126395e-09,2.0620695515010344e-08,9.183200855944229e-08,2.766099588653855e-07,4.3834007638451125e-06,2.5498552008246027e-06,1.3712455837477083e-06,6.63590314327826e-07,0.618048976687909
1,0.5536342181957422,0.5386190344498444,2.086169776477122e-09,2.16621775244287e-08,9.600761285809365e-08,2.88279302506201e-07,4.5729974279573405e-06,2.655964964730873e-06,1.426979331669046e-06,6.905931031303651e-07,0.6548349278814513
2,0.631292448249297,0.6080947551505681,2.098637683045147e-09,2.1916103393057062e-08,9.77878537825502e-08,2.947367704365012e-07,4.662582086513114e-06,2.711798215114639e-06,1.4590853752108552e-06,7.067081182895572e-07,0.7413033535006729
3,0.7214561108409379,0.7157909363076685,2.0255860368009927e-09,2.105368757130157e-08,9.338860367907148e-08,2.804589916435839e-07,4.458300088040426e-06,2.5853573963259403e-06,1.3880933653852876e-06,6.717521478060897e-07,0.788690237423977
4,0.7674887852424518,0.7671207279903861,1.9326859043983648e-09,2.0066461563380705e-08,8.889795044791242e-08,2.6684152279560337e-07,4.267310189280015e-06,2.4687956196603163e-06,1.322953993761652e-06,6.394051026023274e-07,0.8196132836841997
5,0.8693596124711441,0.8673950295082303,1.5346953119816124e-09,1.6033186373916903e-08,7.161814824041347e-08,2.1644819856060474e-07,3.5394634517689427e-06,2.035291199838848e-06,1.0846296646375475e-06,5.215052533644689e-07,0.9054968639105953
6,0.6282321126709919,0.6307891885103246,2.142446951448745e-09,2.2198986254796445e-08,9.801654340500075e-08,2.930087308840276e-07,4.59347302719223e-06,2.67203555063608e-06,1.4392603284825674e-06,6.989712446541794e-07,0.7134640422369746
7,0.6064826497529584,0.6135969042173971,2.1440133231616942e-09,2.214707042948449e-08,9.744158538102885e-08,2.9076204566319265e-07,4.571934420987126e-06,2.656055759655126e-06,1.4289125892636365e-06,6.934223743047912e-07,0.6804033140853907
8,0.5305932045046968,0.4957873581098014,1.9305114848187574e-09,2.02001563319684e-08,9.048668257982463e-08,2.742857010230764e-07,4.447977759234841e-06,2.5745766471206696e-06,1.376827544832344e-06,6.62233501777739e-07,0.6613283380146663
9,0.5570518765105805,0.527727147178212,2.1203425432205606e-09,2.2107937590275968e-08,9.845281606604173e-08,2.963508071695374e-07,4.667576724065979e-06,2.7189332522676872e-06,1.4646712855432076e-06,7.100231660374751e-07,0.6824271142079609
10,0.5870723051011,0.5789166591148514,2.1496252287712073e-09,2.2327370215135272e-08,9.888791345544487e-08,2.962024572895366e-07,4.633747390774304e-06,2.69928776914864e-06,1.4554193942394388e-06,7.070663422716935e-07,0.6933994517487152
11,0.4186345440652626,0.3671636433344813,1.853036573876756e-09,1.939078308490284e-08,8.678167235947725e-08,2.6228590607992066e-07,4.157254059496729e-06,2.421252043515403e-06,1.3028974479128932e-06,6.303076046511461e-07,0.6000503001947356
12,0.5796577639168722,0.5696460168838181,2.051321764505889e-09,2.130861534687881e-08,9.454499487802806e-08,2.845216000828832e-07,4.572854186989884e-06,2.647841948416656e-06,1.4178514128848967e-06,6.837800083068107e-07,0.667707517688875
13,0.5333628385188858,0.5125114043009279,2.003207465817411e-09,2.0812457376682435e-08,9.2365995389577e-08,2.779510779211287e-07,4.450068487088325e-06,2.57999898655624e-06,1.3830755646148498e-06,6.676147135593284e-07,0.6343833103336506
14,0.627384972209753,0.602663754047453,2.0540059326502353e-09,2.1505626984571567e-08,9.635772486611976e-08,2.918518439050771e-07,4.708745003980202e-06,2.727202509842581e-06,1.4602719572427923e-06,7.035388086566751e-07,0.7369392518341683
15,0.5033447228881743,0.4563975808330513,1.9590615940614348e-09,2.0447259954374763e-08,9.128604674858172e-08,2.7586676249213975e-07,4.4179261329717255e-06,2.5649134530453656e-06,1.376045010742991e-06,6.639939166635577e-07,0.6354330492545807
16,0.5769398037544424,0.571153220253727,2.1642548730648243e-09,2.2408179394190408e-08,9.885507799062945e-08,2.9530900379444453e-07,4.606331001051814e-06,2.683776352480137e-06,1.447608674819277e-06,7.038375723607198e-07,0.6718693075255766
17,0.7115679136614765,0.7039073352304501,2.0008064455978254e-09,2.0915742549115952e-08,9.347260801998229e-08,2.8235173249142164e-07,4.541455422779719e-06,2.628832161572645e-06,1.408009202178668e-06,6.791960128927473e-07,0.7945256698692709
18,0.747587277999417,0.7475754983594028,1.924246066610033e-09,2.0137667908356374e-08,9.018064847447961e-08,2.7325666798389535e-07,4.481944239634219e-06,2.581339390559188e-06,1.3753748996128826e-06,6.601302380233752e-07,0.8162578594520905
19,0.5792250905125758,0.5515591874538753,2.084936755295641e-09,2.1787938294791377e-08,9.734680905677147e-08,2.939788830394862e-07,4.686878417205392e-06,2.7225071819721e-06,1.4621601876210664e-06,7.065773922689706e-07,0.70141091210325
20,0.4135440276463097,0.3792191056596719,1.987762366133144e-09,2.077570015921348e-08,9.272899325295605e-08,2.790867587734264e-07,4.347529062330717e-06,2.5409972911094937e-06,1.3730803113932336e-06,6.674183766976366e-07,0.6056871824682329
21,0.5725241074654425,0.5577079748511772,2.140001243992203e-09,2.222427137203539e-08,9.845513444667389e-08,2.951651606621174e-07,4.63460496933369e-06,2.698053304590833e-06,1.4534790355574629e-06,7.053728021181143e-07,0.6779473555351371
22,0.6358124542556302,0.6088922191224058,2.0434250657971722e-09,2.143352243598916e-08,9.625140024423825e-08,2.919896831425016e-07,4.717865956358474e-06,2.732431045202579e-06,1.462865483630238e-06,7.045000975347916e-07,0.7492110584939318
23,0.4717883217449258,0.4196523214765335,1.952215645309635e-09,2.042628875396105e-08,9.142941027490312e-08,2.764937658387459e-07,4.3990184499200455e-06,2.5589904913172747e-06,1.3755792552394764e-06,6.649016633816578e-07,0.6330287382579081
24,0.6430210910017423,0.6381520059352046,2.0903421585819582e-09,2.1724982446592912e-08,9.641305732929938e-08,2.899776053007876e-07,4.647812295337806e-06,2.6916085913854903e-06,1.4421564552483867e-06,6.961759152841393e-07,0.7224806280017422
25,0.7207821384496744,0.7258931566786196,2.0135343540240313e-09,2.0878095155628573e-08,9.244949929882105e-08,2.78130092403334e-07,4.531400025808771e-06,2.611251070785567e-06,1.392492425026724e-06,6.694792465488002e-07,0.7684133996433055
26,0.6699675594612686,0.6689191454433566,2.039730135635334e-09,2.1282602033292132e-08,9.492733616806705e-08,2.8663251741356896e-07,4.64363063846093e-06,2.683019129414673e-06,1.433957354807735e-06,6.903129714716953e-07,0.7540399254193247
27,0.0179415805547614,0.0070896726216002,2.329445978608443e-10,2.429719225229442e-09,1.0790439048776416e-08,3.220296808490567e-08,4.8064149812793e-07,2.841111855594919e-07,1.5522138220267205e-07,7.62513031232184e-08,0.371767935860014
28,0.0035726832726751,0.0043989414817669,1.5075287626540017e-17,4.3085592025880234e-18,-2.019106111347575e-18,1.2875192364451074e-18,4.6630846695195195e-18,-1.5808942113655326e-19,-6.524500501544302e-18,-4.204111676881391e-18,0.0886259078883174
29,0.7721783281300252,0.7635428183708864,1.919667684381109e-09,1.9862007839950112e-08,8.752384615364084e-08,2.61153743401039e-07,4.06510242435722e-06,2.366366501661609e-06,1.2768459531134185e-06,6.215611972205682e-07,0.8246765511666475
30,0.5396516537534223,0.5263096758789497,2.151243514427475e-09,2.2334114735858943e-08,9.885624294676415e-08,2.959048626945896e-07,4.607361451045599e-06,2.687823860249698e-06,1.451125339049548e-06,7.057512060573996e-07,0.6583110044546859
31,0.5072360979174596,0.5187678998276369,1.956108450493297e-09,2.039644821487216e-08,9.08454934857097e-08,2.737051286846348e-07,4.390370155036702e-06,2.5438743749657733e-06,1.362998973415246e-06,6.576682904286487e-07,0.6382055998861478
32,0.6634425042820719,0.6468502025298729,2.0342641377463293e-09,2.1269943061128253e-08,9.516812753484397e-08,2.881898460043175e-07,4.684450419948742e-06,2.7066768985068185e-06,1.446036378139898e-06,6.954085100035254e-07,0.7537742921574689
33,0.5275944415019855,0.479460341790551,1.950532675468054e-09,2.043572129051657e-08,9.16924653230753e-08,2.7823478533006626e-07,4.499835862798157e-06,2.6077078013550697e-06,1.3959908738820392e-06,6.718646305845188e-07,0.6667603769731938
34,0.7009288455859272,0.6862521924226025,2.052357569414545e-09,2.1355553034827195e-08,9.497445268483123e-08,2.864110085183328e-07,4.622189483586108e-06,2.673698713592509e-06,1.4305781268215542e-06,6.893087119601252e-07,0.7658480885793975
35,0.5677618401501103,0.5546242407261169,2.154399782173569e-09,2.239416780055507e-08,9.927922188037054e-08,2.975714080161143e-07,4.646936527117608e-06,2.70975272720745e-06,1.4621453722895031e-06,7.10534911636415e-07,0.6824906453395445
36,0.4680614886573282,0.418495718330756,1.9835873881654908e-09,2.060910635662085e-08,9.144015044922341e-08,2.7482705787238014e-07,4.3302344338709095e-06,2.5224930661114827e-06,1.3584597390711486e-06,6.583245567861925e-07,0.5937312219180947
37,0.4318011060240886,0.3934804130889768,1.884337192851758e-09,1.9575874637556745e-08,8.682542622894801e-08,2.6082129584329426e-07,4.110664630375103e-06,2.394111294451747e-06,1.2890492901750766e-06,6.2463586227346e-07,0.5669754752907842
38,0.4956724059117439,0.4673135805653103,2.0771496240227902e-09,2.1596758748756324e-08,9.583344043889846e-08,2.8768688072077815e-07,4.511270444479783e-06,2.629612461185177e-06,1.4176440044199991e-06,6.880054464070028e-07,0.6259875916077446
39,0.5078423288926183,0.4681877424161193,1.924794187407569e-09,2.0039655073114036e-08,8.921383932951873e-08,2.692627769707616e-07,4.3287723000097644e-06,2.509784221615095e-06,1.3447074257067145e-06,6.482227050610728e-07,0.6211342012688585
40,0.7700721613349948,0.7608956185166688,1.933704940833132e-09,2.007935377443377e-08,8.897603367250161e-08,2.671056969750388e-07,4.245934855138006e-06,2.461565597608471e-06,1.3216258808794924e-06,6.39671074972445e-07,0.8226990874598799
41,0.7540178717763241,0.7474929014611784,1.9330703430867056e-09,2.0182442455093664e-08,9.009646008535767e-08,2.721945934677364e-07,4.412455894918396e-06,2.547631260933875e-06,1.3613606902539406e-06,6.554834470741609e-07,0.8185968055218473
42,0.4620361067029876,0.3943288716452622,1.7784937710641802e-09,1.8555168946253722e-08,8.285266727801186e-08,2.506716538636601e-07,4.033862824650596e-06,2.3401533535116724e-06,1.2540325620601685e-06,6.042528158856046e-07,0.5973933611091952
43,0.5869402745331282,0.553591103977829,2.025177043756997e-09,2.1216192878567303e-08,9.516200842395173e-08,2.886006979872728e-07,4.67111044966027e-06,2.7046605530022862e-06,1.4472615137399427e-06,6.965705569377184e-07,0.7084675743266474
44,0.1522790749183859,0.0925931285274766,8.899655632062814e-10,9.3082521582962e-09,4.156665401680367e-08,1.250109884226399e-07,1.9234340722320138e-06,1.1291224674739016e-06,6.12326502706371e-07,2.984336425775887e-07,0.4481255615489139
45,0.6527940377271987,0.6135075583947256,2.0547310299444824e-09,2.1508764735475163e-08,9.63916433777868e-08,2.921497748209628e-07,4.7090695488753954e-06,2.7287069775423607e-06,1.4617461846764017e-06,7.044171798146935e-07,0.7533732405997906
46,0.577186805756216,0.5829523866886898,2.1585525764489782e-09,2.2398514018052123e-08,9.902819540040855e-08,2.960037179073134e-07,4.609325206227885e-06,2.686828885882023e-06,1.4500416215279658e-06,7.053629983740512e-07,0.6862140206189911
47,0.5471923802011779,0.5017959332684103,2.0273701875020953e-09,2.1170242358796845e-08,9.45773208340358e-08,2.859971370004292e-07,4.588626829276461e-06,2.662642673837041e-06,1.4278623936329915e-06,6.887169902985809e-07,0.6684823245628594
48,0.5483796518150901,0.5195457866107852,2.020894650819558e-09,2.1055169873551345e-08,9.377804194072253e-08,2.8291026643619285e-07,4.5395993354002505e-06,2.631731326598116e-06,1.4104905050225496e-06,6.804392626024629e-07,0.6590507202863779
49,0.4890291232274894,0.4543289876297695,1.966820842080861e-09,2.0536177946187583e-08,9.167568697239493e-08,2.767637965853791e-07,4.412773744221616e-06,2.5640689688923685e-06,1.3770121929602682e-06,6.652771190401354e-07,0.63210077096395
50,0.6471101874214971,0.6155781650595058,2.049456573361912e-09,2.1452418032543737e-08,9.61325751142798e-08,2.914356477378047e-07,4.719256369677235e-06,2.7314727882711814e-06,1.4613586644743318e-06,7.033464103607917e-07,0.7469665883462095
51,0.4855393574807244,0.4396131322603514,2.0098641153774203e-09,2.1009560287614983e-08,9.390208465233613e-08,2.8354219745006385e-07,4.491145981350563e-06,2.614729839963617e-06,1.4069918290127643e-06,6.80915778507344e-07,0.6409558303146091
52,0.472083591777038,0.3927711798120877,1.7295143696165956e-09,1.820276349980494e-08,8.219856222893248e-08,2.508455372232244e-07,4.099521127910337e-06,2.373169092085354e-06,1.267945267586768e-06,6.083720658923696e-07,0.6456532080550196
53,0.4858991244013249,0.4505823113002724,1.8375152804188135e-09,1.923301671796187e-08,8.617364488499243e-08,2.611548834251003e-07,4.226262052845695e-06,2.447659576643834e-06,1.309644063012451e-06,6.302368420378003e-07,0.633218532722612
54,0.7033690939820778,0.6735965991156241,2.021591142082521e-09,2.1100086428913216e-08,9.429775959416701e-08,2.858425248824477e-07,4.675723334095184e-06,2.6984464900427258e-06,1.4395501861147468e-06,6.910571259582357e-07,0.7709450582436077
55,0.012559571976807,0.00441326395235,1.3491038175348977e-17,2.03008668409444e-18,-3.426274045183837e-18,5.415172642964464e-18,1.7192061012253121e-18,1.568698756707769e-18,1.129630472961029e-18,-8.775395725818525e-18,0.0968381399693777
56,0.2467005106503448,0.1683403993822893,1.2946967199498046e-09,1.3516166622764277e-08,6.027910718690234e-08,1.814625225299924e-07,2.819725380228621e-06,1.650958180041101e-06,8.929811057504999e-07,4.341216919972398e-07,0.4843013092739129
57,0.9423036006287904,0.935520074054266,9.456010400879523e-10,9.850287775246368e-09,4.3765435340608497e-08,1.3134499985808478e-07,2.0987798188513164e-06,1.2092441355920274e-06,6.479687673623357e-07,3.139703219029474e-07,0.9629113595268848
58,0.5552647199324761,0.5137957625177637,1.972599315865038e-09,2.0709278866056076e-08,9.31513867418963e-08,2.831606390205443e-07,4.599826985000521e-06,2.662968853265108e-06,1.4241074483144931e-06,6.846444368418596e-07,0.6936488282037634
59,0.5786268988353326,0.5681653399005268,2.1490455486940394e-09,2.2331894931760872e-08,9.896729912345177e-08,2.965555071859919e-07,4.6373224416949855e-06,2.7021392649580346e-06,1.4572530391119456e-06,7.080053387538273e-07,0.6894417985808384
60,0.472798938736082,0.4587697289148493,2.06782208566044e-09,2.1443678864711005e-08,9.47978872084642e-08,2.835821547073847e-07,4.418965832428941e-06,2.57731074287133e-06,1.3909509805749774e-06,6.762957690450419e-07,0.6007658350491121
61,0.6837378752689626,0.6808294179668883,2.037820915759617e-09,2.125681294938565e-08,9.474775722348615e-08,2.857206538443776e-07,4.598232208226753e-06,2.6601109459473686e-06,1.424024148786024e-06,6.868347078998298e-07,0.7671285293657486
62,0.6830013462189343,0.6714954614551482,2.071154387833813e-09,2.1560387301680992e-08,9.58536148194958e-08,2.8847665577873265e-07,4.602222139948439e-06,2.6685676265248617e-06,1.4318972172836118e-06,6.921395509730801e-07,0.7619888787787101
63,0.5200467246276259,0.5397104881034416,2.2276059258352227e-09,2.293143182357329e-08,1.002282574152328e-07,2.9634724883959536e-07,4.476189584036493e-06,2.6242263770360117e-06,1.426029129097782e-06,6.994035115223631e-07,0.6273138142593369
64,0.4390718237304233,0.4150833928465802,1.6558872107241095e-09,1.726842844896568e-08,7.701670885601337e-08,2.3267829574556666e-07,3.758467019642083e-06,2.1765483341224776e-06,1.1645942032296265e-06,5.606876439230151e-07,0.580384544648462
65,0.9731411864399822,0.9689095960509472,2.949730325035761e-10,3.078387495654545e-09,1.3724213445063193e-08,4.168816642219624e-08,8.819752989011838e-07,4.633373691835552e-07,2.27891082579119e-07,1.0333926212775587e-07,0.98622431598673
66,0.9789694541237408,0.9682605521915444,2.827830186217739e-10,2.865438915623112e-09,1.226098988866502e-08,3.565845287891052e-08,6.086642906839612e-07,3.326870534510316e-07,1.7300651505831949e-07,8.356805467742939e-08,0.990348266031522
67,0.0984645209333121,0.0184681902019668,3.6156660445540525e-11,3.7639601491646726e-10,1.6707923337347e-09,5.0010444590138795e-09,7.582831962923555e-08,4.4670194971917054e-08,2.4310070961470916e-08,1.1891300464630551e-08,0.3877504329865214
68,0.9198808060721334,0.92259988436508,1.1850938649886135e-09,1.2565095085636876e-08,5.741992191818758e-08,1.781239981221224e-07,3.275921919767695e-06,1.8331193527885563e-06,9.480777691797158e-07,4.419517833815663e-07,0.9433309529331918
69,0.7549341928041582,0.7321553368366135,1.0109338861268371e-09,1.0528778891054977e-08,4.74925274702745e-08,1.4891164699671652e-07,3.0997693090883865e-06,1.6883866256019413e-06,8.451518010523448e-07,3.803798587944112e-07,0.8501886836562517
70,0.527420539479058,0.4799208037865112,1.9958164789066507e-09,2.088027894238123e-08,9.349122868729743e-08,2.8306946901631485e-07,4.54327044459869e-06,2.636695047285846e-06,1.4140272227141229e-06,6.81976791605145e-07,0.6645923040326978
71,0.5920577761019608,0.5349442646033861,1.98506140408374e-09,2.0840474250605387e-08,9.38233821302522e-08,2.857841638205275e-07,4.672918499867867e-06,2.7022030002589994e-06,1.4430372738855666e-06,6.924923570160636e-07,0.7139459363373303
72,0.5794979541551023,0.5733321545200213,2.152603624200193e-09,2.2337077982636253e-08,9.881285847000125e-08,2.957331364892146e-07,4.623718975613755e-06,2.693323876110236e-06,1.4522262591428645e-06,7.056323938272532e-07,0.6836443479536934
73,0.4688684203204035,0.4313696698403668,1.8932431193162176e-09,1.976093897769137e-08,8.81967168774192e-08,2.663504913246021e-07,4.2579235346652575e-06,2.47301174624664e-06,1.3272516551993588e-06,6.407258696308894e-07,0.6127600238114376
74,0.4434515769939616,0.4301902342945091,2.034282171815989e-09,2.1075192386258353e-08,9.304745237958525e-08,2.780678372963268e-07,4.3187060927521664e-06,2.521409797637063e-06,1.3619909308174929e-06,6.62697794767029e-07,0.5740758677553864
75,0.2657267324898543,0.2040766584264451,1.3544860910937903e-09,1.414052979660896e-08,6.306188485590747e-08,1.8985303433162067e-07,2.96130718844189e-06,1.731638968640779e-06,9.355381217202494e-07,4.544067160365296e-07,0.494110565864378
76,0.8431854608804721,0.852771495831279,1.5694078362016894e-09,1.6430684223657172e-08,7.347293872021606e-08,2.2161051855581165e-07,3.5870911604750343e-06,2.066328923465489e-06,1.103704653980127e-06,5.322298451995151e-07,0.8939021070597719
77,0.5339640490214191,0.5098940287951573,2.0628914516772722e-09,2.146689796756178e-08,9.541050504817445e-08,2.870805217778892e-07,4.557888916334397e-06,2.648604687499442e-06,1.423281466409324e-06,6.885378914379002e-07,0.6498769340368533
78,0.3907342399580576,0.3477992012776691,1.8629443804526707e-09,1.9445811196963744e-08,8.67065429916623e-08,2.610703362344075e-07,4.092052181948778e-06,2.388233598663684e-06,1.2883699849592877e-06,6.251736354714276e-07,0.5755069813394162
79,0.4534684264184765,0.4143289984552237,2.039599542930749e-09,2.1225886513019015e-08,9.42812883610471e-08,2.8307968333058984e-07,4.415140543812589e-06,2.578152159754423e-06,1.3921695504907523e-06,6.765204896119591e-07,0.6048624017307107
80,0.4438462096902018,0.412032499450784,1.8015465501034854e-09,1.86894094931484e-08,8.278940575772861e-08,2.487529815578017e-07,3.957451682515469e-06,2.298635994559649e-06,1.2342671621719732e-06,5.966550962812644e-07,0.559280784217549
81,0.0201633911880794,0.0019334600231569,5.626775296763274e-18,6.16193885554969e-18,2.501129825674524e-18,3.9545667606673895e-18,5.666873704044814e-18,2.6217266689999045e-18,-6.672166081066103e-18,-9.587215181574946e-18,0.1682086280580734
82,0.4760220582438264,0.445113431410193,1.9782665232126395e-09,2.0620695515010344e-08,9.183200855944229e-08,2.766099588653855e-07,4.3834007638451125e-06,2.5498552008246027e-06,1.3712455837477083e-06,6.63590314327826e-07,0.618048976687909
83,0.5536342181957422,0.5386190344498444,2.086169776477122e-09,2.16621775244287e-08,9.600761285809365e-08,2.88279302506201e-07,4.5729974279573405e-06,2.655964964730873e-06,1.426979331669046e-06,6.905931031303651e-07,0.6548349278814513
84,0.631292448249297,0.6080947551505681,2.098637683045147e-09,2.1916103393057062e-08,9.77878537825502e-08,2.947367704365012e-07,4.662582086513114e-06,2.711798215114639e-06,1.4590853752108552e-06,7.067081182895572e-07,0.7413033535006729
85,0.7214561108409379,0.7157909363076685,2.0255860368009927e-09,2.105368757130157e-08,9.338860367907148e-08,2.804589916435839e-07,4.458300088040426e-06,2.5853573963259403e-06,1.3880933653852876e-06,6.717521478060897e-07,0.788690237423977
86,0.7674887852424518,0.7671207279903861,1.9326859043983648e-09,2.0066461563380705e-08,8.889795044791242e-08,2.6684152279560337e-07,4.267310189280015e-06,2.4687956196603163e-06,1.322953993761652e-06,6.394051026023274e-07,0.8196132836841997
87,0.8693596124711441,0.8673950295082303,1.5346953119816124e-09,1.6033186373916903e-08,7.161814824041347e-08,2.1644819856060474e-07,3.5394634517689427e-06,2.035291199838848e-06,1.0846296646375475e-06,5.215052533644689e-07,0.9054968639105953
88,0.6282321126709919,0.6307891885103246,2.142446951448745e-09,2.2198986254796445e-08,9.801654340500075e-08,2.930087308840276e-07,4.59347302719223e-06,2.67203555063608e-06,1.4392603284825674e-06,6.989712446541794e-07,0.7134640422369746
89,0.6064826497529584,0.6135969042173971,2.1440133231616942e-09,2.214707042948449e-08,9.744158538102885e-08,2.9076204566319265e-07,4.571934420987126e-06,2.656055759655126e-06,1.4289125892636365e-06,6.934223743047912e-07,0.6804033140853907
90,0.5305932045046968,0.4957873581098014,1.9305114848187574e-09,2.02001563319684e-08,9.048668257982463e-08,2.742857010230764e-07,4.447977759234841e-06,2.5745766471206696e-06,1.376827544832344e-06,6.62233501777739e-07,0.6613283380146663
91,0.5570518765105805,0.527727147178212,2.1203425432205606e-09,2.2107937590275968e-08,9.845281606604173e-08,2.963508071695374e-07,4.667576724065979e-06,2.7189332522676872e-06,1.4646712855432076e-06,7.100231660374751e-07,0.6824271142079609
92,0.5870723051011,0.5789166591148514,2.1496252287712073e-09,2.2327370215135272e-08,9.888791345544487e-08,2.962024572895366e-07,4.633747390774304e-06,2.69928776914864e-06,1.4554193942394388e-06,7.070663422716935e-07,0.6933994517487152
93,0.4186345440652626,0.3671636433344813,1.853036573876756e-09,1.939078308490284e-08,8.678167235947725e-08,2.6228590607992066e-07,4.157254059496729e-06,2.421252043515403e-06,1.3028974479128932e-06,6.303076046511461e-07,0.6000503001947356
94,0.5796577639168722,0.5696460168838181,2.051321764505889e-09,2.130861534687881e-08,9.454499487802806e-08,2.845216000828832e-07,4.572854186989884e-06,2.647841948416656e-06,1.4178514128848967e-06,6.837800083068107e-07,0.667707517688875
95,0.5333628385188858,0.5125114043009279,2.003207465817411e-09,2.0812457376682435e-08,9.2365995389577e-08,2.779510779211287e-07,4.450068487088325e-06,2.57999898655624e-06,1.3830755646148498e-06,6.676147135593284e-07,0.6343833103336506
96,0.627384972209753,0.602663754047453,2.0540059326502353e-09,2.1505626984571567e-08,9.635772486611976e-08,2.918518439050771e-07,4.708745003980202e-06,2.727202509842581e-06,1.4602719572427923e-06,7.035388086566751e-07,0.7369392518341683
97,0.5033447228881743,0.4563975808330513,1.9590615940614348e-09,2.0447259954374763e-08,9.128604674858172e-08,2.7586676249213975e-07,4.4179261329717255e-06,2.5649134530453656e-06,1.376045010742991e-06,6.639939166635577e-07,0.6354330492545807
98,0.5769398037544424,0.571153220253727,2.1642548730648243e-09,2.2408179394190408e-08,9.885507799062945e-08,2.9530900379444453e-07,4.606331001051814e-06,2.683776352480137e-06,1.447608674819277e-06,7.038375723607198e-07,0.6718693075255766
99,0.7115679136614765,0.7039073352304501,2.0008064455978254e-09,2.0915742549115952e-08,9.347260801998229e-08,2.8235173249142164e-07,4.541455422779719e-06,2.628832161572645e-06,1.408009202178668e-06,6.791960128927473e-07,0.7945256698692709
100,0.747587277999417,0.7475754983594028,1.924246066610033e-09,2.0137667908356374e-08,9.018064847447961e-08,2.7325666798389535e-07,4.481944239634219e-06,2.581339390559188e-06,1.3753748996128826e-06,6.601302380233752e-07,0.8162578594520905
101,0.5792250905125758,0.5515591874538753,2.084936755295641e-09,2.1787938294791377e-08,9.734680905677147e-08,2.939788830394862e-07,4.686878417205392e-06,2.7225071819721e-06,1.4621601876210664e-06,7.065773922689706e-07,0.70141091210325
102,0.4135440276463097,0.3792191056596719,1.987762366133144e-09,2.077570015921348e-08,9.272899325295605e-08,2.790867587734264e-07,4.347529062330717e-06,2.5409972911094937e-06,1.3730803113932336e-06,6.674183766976366e-07,0.6056871824682329
103,0.5725241074654425,0.5577079748511772,2.140001243992203e-09,2.222427137203539e-08,9.845513444667389e-08,2.951651606621174e-07,4.63460496933369e-06,2.698053304590833e-06,1.4534790355574629e-06,7.053728021181143e-07,0.6779473555351371
104,0.6358124542556302,0.6088922191224058,2.0434250657971722e-09,2.143352243598916e-08,9.625140024423825e-08,2.919896831425016e-07,4.717865956358474e-06,2.732431045202579e-06,1.462865483630238e-06,7.045000975347916e-07,0.7492110584939318
105,0.4717883217449258,0.4196523214765335,1.952215645309635e-09,2.042628875396105e-08,9.142941027490312e-08,2.764937658387459e-07,4.3990184499200455e-06,2.5589904913172747e-06,1.3755792552394764e-06,6.649016633816578e-07,0.6330287382579081
106,0.6430210910017423,0.6381520059352046,2.0903421585819582e-09,2.1724982446592912e-08,9.641305732929938e-08,2.899776053007876e-07,4.647812295337806e-06,2.6916085913854903e-06,1.4421564552483867e-06,6.961759152841393e-07,0.7224806280017422
107,0.7207821384496744,0.7258931566786196,2.0135343540240313e-09,2.0878095155628573e-08,9.244949929882105e-08,2.78130092403334e-07,4.531400025808771e-06,2.611251070785567e-06,1.392492425026724e-06,6.694792465488002e-07,0.7684133996433055
108,0.6699675594612686,0.6689191454433566,2.039730135635334e-09,2.1282602033292132e-08,9.492733616806705e-08,2.8663251741356896e-07,4.64363063846093e-06,2.683019129414673e-06,1.433957354807735e-06,6.903129714716953e-07,0.7540399254193247
109,0.0179415805547614,0.0070896726216002,2.329445978608443e-10,2.429719225229442e-09,1.0790439048776416e-08,3.220296808490567e-08,4.8064149812793e-07,2.841111855594919e-07,1.5522138220267205e-07,7.62513031232184e-08,0.371767935860014
110,0.0035726832726751,0.0043989414817669,1.5075287626540017e-17,4.3085592025880234e-18,-2.019106111347575e-18,1.2875192364451074e-18,4.6630846695195195e-18,-1.5808942113655326e-19,-6.524500501544302e-18,-4.204111676881391e-18,0.0886259078883174
111,0.7721783281300252,0.7635428183708864,1.919667684381109e-09,1.9862007839950112e-08,8.752384615364084e-08,2.61153743401039e-07,4.06510242435722e-06,2.366366501661609e-06,1.2768459531134185e-06,6.215611972205682e-07,0.8246765511666475
112,0.5396516537534223,0.5263096758789497,2.151243514427475e-09,2.2334114735858943e-08,9.885624294676415e-08,2.959048626945896e-07,4.607361451045599e-06,2.687823860249698e-06,1.451125339049548e-06,7.057512060573996e-07,0.6583110044546859
113,0.5072360979174596,0.5187678998276369,1.956108450493297e-09,2.039644821487216e-08,9.08454934857097e-08,2.737051286846348e-07,4.390370155036702e-06,2.5438743749657733e-06,1.362998973415246e-06,6.576682904286487e-07,0.6382055998861478
114,0.6634425042820719,0.6468502025298729,2.0342641377463293e-09,2.1269943061128253e-08,9.516812753484397e-08,2.881898460043175e-07,4.684450419948742e-06,2.7066768985068185e-06,1.446036378139898e-06,6.954085100035254e-07,0.7537742921574689
115,0.5275944415019855,0.479460341790551,1.950532675468054e-09,2.043572129051657e-08,9.16924653230753e-08,2.7823478533006626e-07,4.499835862798157e-06,2.6077078013550697e-06,1.3959908738820392e-06,6.718646305845188e-07,0.6667603769731938
116,0.7009288455859272,0.6862521924226025,2.052357569414545e-09,2.1355553034827195e-08,9.497445268483123e-08,2.864110085183328e-07,4.622189483586108e-06,2.673698713592509e-06,1.4305781268215542e-06,6.893087119601252e-07,0.7658480885793975
117,0.5677618401501103,0.5546242407261169,2.154399782173569e-09,2.239416780055507e-08,9.927922188037054e-08,2.975714080161143e-07,4.646936527117608e-06,2.70975272720745e-06,1.4621453722895031e-06,7.10534911636415e-07,0.6824906453395445
118,0.4680614886573282,0.418495718330756,1.9835873881654908e-09,2.060910635662085e-08,9.144015044922341e-08,2.7482705787238014e-07,4.3302344338709095e-06,2.5224930661114827e-06,1.3584597390711486e-06,6.583245567861925e-07,0.5937312219180947
119,0.4318011060240886,0.3934804130889768,1.884337192851758e-09,1.9575874637556745e-08,8.682542622894801e-08,2.6082129584329426e-07,4.110664630375103e-06,2.394111294451747e-06,1.2890492901750766e-06,6.2463586227346e-07,0.5669754752907842
120,0.4956724059117439,0.4673135805653103,2.0771496240227902e-09,2.1596758748756324e-08,9.583344043889846e-08,2.8768688072077815e-07,4.511270444479783e-06,2.629612461185177e-06,1.4176440044199991e-06,6.880054464070028e-07,0.6259875916077446
121,0.5078423288926183,0.4681877424161193,1.924794187407569e-09,2.0039655073114036e-08,8.921383932951873e-08,2.692627769707616e-07,4.3287723000097644e-06,2.509784221615095e-06,1.3447074257067145e-06,6.482227050610728e-07,0.6211342012688585
122,0.7700721613349948,0.7608956185166688,1.933704940833132e-09,2.007935377443377e-08,8.897603367250161e-08,2.671056969750388e-07,4.245934855138006e-06,2.461565597608471e-06,1.3216258808794924e-06,6.39671074972445e-07,0.8226990874598799
123,0.7540178717763241,0.7474929014611784,1.9330703430867056e-09,2.0182442455093664e-08,9.009646008535767e-08,2.721945934677364e-07,4.412455894918396e-06,2.547631260933875e-06,1.3613606902539406e-06,6.554834470741609e-07,0.8185968055218473
124,0.4620361067029876,0.3943288716452622,1.7784937710641802e-09,1.8555168946253722e-08,8.285266727801186e-08,2.506716538636601e-07,4.033862824650596e-06,2.3401533535116724e-06,1.2540325620601685e-06,6.042528158856046e-07,0.5973933611091952
125,0.5869402745331282,0.553591103977829,2.025177043756997e-09,2.1216192878567303e-08,9.516200842395173e-08,2.886006979872728e-07,4.67111044966027e-06,2.7046605530022862e-06,1.4472615137399427e-06,6.965705569377184e-07,0.7084675743266474
126,0.1522790749183859,0.0925931285274766,8.899655632062814e-10,9.3082521582962e-09,4.156665401680367e-08,1.250109884226399e-07,1.9234340722320138e-06,1.1291224674739016e-06,6.12326502706371e-07,2.984336425775887e-07,0.4481255615489139
127,0.6527940377271987,0.6135075583947256,2.0547310299444824e-09,2.1508764735475163e-08,9.63916433777868e-08,2.921497748209628e-07,4.7090695488753954e-06,2.7287069775423607e-06,1.4617461846764017e-06,7.044171798146935e-07,0.7533732405997906
128,0.577186805756216,0.5829523866886898,2.1585525764489782e-09,2.2398514018052123e-08,9.902819540040855e-08,2.960037179073134e-07,4.609325206227885e-06,2.686828885882023e-06,1.4500416215279658e-06,7.053629983740512e-07,0.6862140206189911
129,0.5471923802011779,0.5017959332684103,2.0273701875020953e-09,2.1170242358796845e-08,9.45773208340358e-08,2.859971370004292e-07,4.588626829276461e-06,2.662642673837041e-06,1.4278623936329915e-06,6.887169902985809e-07,0.6684823245628594
130,0.5483796518150901,0.5195457866107852,2.020894650819558e-09,2.1055169873551345e-08,9.377804194072253e-08,2.8291026643619285e-07,4.5395993354002505e-06,2.631731326598116e-06,1.4104905050225496e-06,6.804392626024629e-07,0.6590507202863779
131,0.4890291232274894,0.4543289876297695,1.966820842080861e-09,2.0536177946187583e-08,9.167568697239493e-08,2.767637965853791e-07,4.412773744221616e-06,2.5640689688923685e-06,1.3770121929602682e-06,6.652771190401354e-07,0.63210077096395
132,0.6471101874214971,0.6155781650595058,2.049456573361912e-09,2.1452418032543737e-08,9.61325751142798e-08,2.914356477378047e-07,4.719256369677235e-06,2.7314727882711814e-06,1.4613586644743318e-06,7.033464103607917e-07,0.7469665883462095
133,0.4855393574807244,0.4396131322603514,2.0098641153774203e-09,2.1009560287614983e-08,9.390208465233613e-08,2.8354219745006385e-07,4.491145981350563e-06,2.614729839963617e-06,1.4069918290127643e-06,6.80915778507344e-07,0.6409558303146091
134,0.472083591777038,0.3927711798120877,1.7295143696165956e-09,1.820276349980494e-08,8.219856222893248e-08,2.508455372232244e-07,4.099521127910337e-06,2.373169092085354e-06,1.267945267586768e-06,6.083720658923696e-07,0.6456532080550196
135,0.4858991244013249,0.4505823113002724,1.8375152804188135e-09,1.923301671796187e-08,8.617364488499243e-08,2.611548834251003e-07,4.226262052845695e-06,2.447659576643834e-06,1.309644063012451e-06,6.302368420378003e-07,0.633218532722612
136,0.7033690939820778,0.6735965991156241,2.021591142082521e-09,2.1100086428913216e-08,9.429775959416701e-08,2.858425248824477e-07,4.675723334095184e-06,2.6984464900427258e-06,1.4395501861147468e-06,6.910571259582357e-07,0.7709450582436077
137,0.012559571976807,0.00441326395235,1.3491038175348977e-17,2.03008668409444e-18,-3.426274045183837e-18,5.415172642964464e-18,1.7192061012253121e-18,1.568698756707769e-18,1.129630472961029e-18,-8.775395725818525e-18,0.0968381399693777
138,0.2467005106503448,0.1683403993822893,1.2946967199498046e-09,1.3516166622764277e-08,6.027910718690234e-08,1.814625225299924e-07,2.819725380228621e-06,1.650958180041101e-06,8.929811057504999e-07,4.341216919972398e-07,0.4843013092739129
139,0.9423036006287904,0.935520074054266,9.456010400879523e-10,9.850287775246368e-09,4.3765435340608497e-08,1.3134499985808478e-07,2.0987798188513164e-06,1.2092441355920274e-06,6.479687673623357e-07,3.139703219029474e-07,0.9629113595268848
140,0.5552647199324761,0.5137957625177637,1.972599315865038e-09,2.0709278866056076e-08,9.31513867418963e-08,2.831606390205443e-07,4.599826985000521e-06,2.662968853265108e-06,1.4241074483144931e-06,6.846444368418596e-07,0.6936488282037634
141,0.5786268988353326,0.5681653399005268,2.1490455486940394e-09,2.2331894931760872e-08,9.896729912345177e-08,2.965555071859919e-07,4.6373224416949855e-06,2.7021392649580346e-06,1.4572530391119456e-06,7.080053387538273e-07,0.6894417985808384
142,0.472798938736082,0.4587697289148493,2.06782208566044e-09,2.1443678864711005e-08,9.47978872084642e-08,2.835821547073847e-07,4.418965832428941e-06,2.57731074287133e-06,1.3909509805749774e-06,6.762957690450419e-07,0.6007658350491121
143,0.6837378752689626,0.6808294179668883,2.037820915759617e-09,2.125681294938565e-08,9.474775722348615e-08,2.857206538443776e-07,4.598232208226753e-06,2.6601109459473686e-06,1.424024148786024e-06,6.868347078998298e-07,0.7671285293657486
144,0.6830013462189343,0.6714954614551482,2.071154387833813e-09,2.1560387301680992e-08,9.58536148194958e-08,2.8847665577873265e-07,4.602222139948439e-06,2.6685676265248617e-06,1.4318972172836118e-06,6.921395509730801e-07,0.7619888787787101
145,0.5200467246276259,0.5397104881034416,2.2276059258352227e-09,2.293143182357329e-08,1.002282574152328e-07,2.9634724883959536e-07,4.476189584036493e-06,2.6242263770360117e-06,1.426029129097782e-06,6.994035115223631e-07,0.6273138142593369
146,0.4390718237304233,0.4150833928465802,1.6558872107241095e-09,1.726842844896568e-08,7.701670885601337e-08,2.3267829574556666e-07,3.758467019642083e-06,2.1765483341224776e-06,1.1645942032296265e-06,5.606876439230151e-07,0.580384544648462
147,0.9731411864399822,0.9689095960509472,2.949730325035761e-10,3.078387495654545e-09,1.3724213445063193e-08,4.168816642219624e-08,8.819752989011838e-07,4.633373691835552e-07,2.27891082579119e-07,1.0333926212775587e-07,0.98622431598673
148,0.9789694541237408,0.9682605521915444,2.827830186217739e-10,2.865438915623112e-09,1.226098988866502e-08,3.565845287891052e-08,6.086642906839612e-07,3.326870534510316e-07,1.7300651505831949e-07,8.356805467742939e-08,0.990348266031522
149,0.0984645209333121,0.0184681902019668,3.6156660445540525e-11,3.7639601491646726e-10,1.6707923337347e-09,5.0010444590138795e-09,7.582831962923555e-08,4.4670194971917054e-08,2.4310070961470916e-08,1.1891300464630551e-08,0.3877504329865214
150,0.9198808060721334,0.92259988436508,1.1850938649886135e-09,1.2565095085636876e-08,5.741992191818758e-08,1.781239981221224e-07,3.275921919767695e-06,1.8331193527885563e-06,9.480777691797158e-07,4.419517833815663e-07,0.9433309529331918
151,0.7549341928041582,0.7321553368366135,1.0109338861268371e-09,1.0528778891054977e-08,4.74925274702745e-08,1.4891164699671652e-07,3.0997693090883865e-06,1.6883866256019413e-06,8.451518010523448e-07,3.803798587944112e-07,0.8501886836562517
152,0.527420539479058,0.4799208037865112,1.9958164789066507e-09,2.088027894238123e-08,9.349122868729743e-08,2.8306946901631485e-07,4.54327044459869e-06,2.636695047285846e-06,1.4140272227141229e-06,6.81976791605145e-07,0.6645923040326978
153,0.5920577761019608,0.5349442646033861,1.98506140408374e-09,2.0840474250605387e-08,9.38233821302522e-08,2.857841638205275e-07,4.672918499867867e-06,2.7022030002589994e-06,1.4430372738855666e-06,6.924923570160636e-07,0.7139459363373303
154,0.5794979541551023,0.5733321545200213,2.152603624200193e-09,2.2337077982636253e-08,9.881285847000125e-08,2.957331364892146e-07,4.623718975613755e-06,2.693323876110236e-06,1.4522262591428645e-06,7.056323938272532e-07,0.6836443479536934
155,0.4688684203204035,0.4313696698403668,1.8932431193162176e-09,1.976093897769137e-08,8.81967168774192e-08,2.663504913246021e-07,4.2579235346652575e-06,2.47301174624664e-06,1.3272516551993588e-06,6.407258696308894e-07,0.6127600238114376
156,0.4434515769939616,0.4301902342945091,2.034282171815989e-09,2.1075192386258353e-08,9.304745237958525e-08,2.780678372963268e-07,4.3187060927521664e-06,2.521409797637063e-06,1.3619909308174929e-06,6.62697794767029e-07,0.5740758677553864
157,0.2657267324898543,0.2040766584264451,1.3544860910937903e-09,1.414052979660896e-08,6.306188485590747e-08,1.8985303433162067e-07,2.96130718844189e-06,1.731638968640779e-06,9.355381217202494e-07,4.544067160365296e-07,0.494110565864378
158,0.8431854608804721,0.852771495831279,1.5694078362016894e-09,1.6430684223657172e-08,7.347293872021606e-08,2.2161051855581165e-07,3.5870911604750343e-06,2.066328923465489e-06,1.103704653980127e-06,5.322298451995151e-07,0.8939021070597719
159,0.5339640490214191,0.5098940287951573,2.0628914516772722e-09,2.146689796756178e-08,9.541050504817445e-08,2.870805217778892e-07,4.557888916334397e-06,2.648604687499442e-06,1.423281466409324e-06,6.885378914379002e-07,0.6498769340368533
160,0.3907342399580576,0.3477992012776691,1.8629443804526707e-09,1.9445811196963744e-08,8.67065429916623e-08,2.610703362344075e-07,4.092052181948778e-06,2.388233598663684e-06,1.2883699849592877e-06,6.251736354714276e-07,0.5755069813394162
161,0.4534684264184765,0.4143289984552237,2.039599542930749e-09,2.1225886513019015e-08,9.42812883610471e-08,2.8307968333058984e-07,4.415140543812589e-06,2.578152159754423e-06,1.3921695504907523e-06,6.765204896119591e-07,0.6048624017307107
162,0.4438462096902018,0.412032499450784,1.8015465501034854e-09,1.86894094931484e-08,8.278940575772861e-08,2.487529815578017e-07,3.957451682515469e-06,2.298635994559649e-06,1.2342671621719732e-06,5.966550962812644e-07,0.559280784217549
163,0.0201633911880794,0.0019334600231569,5.626775296763274e-18,6.16193885554969e-18,2.501129825674524e-18,3.9545667606673895e-18,5.666873704044814e-18,2.6217266689999045e-18,-6.672166081066103e-18,-9.587215181574946e-18,0.1682086280580734
164,0.5515941055180364,0.4759859849619831,1.899056225454385e-09,2.004032459620415e-08,9.081767548246737e-08,2.779341381376123e-07,4.566472359021216e-06,2.6402488532872164e-06,1.4090558312443868e-06,6.752506059761546e-07,0.707241337811634
165,0.5619037836466464,0.5294109378758883,2.0658649241632523e-09,2.1603134244929216e-08,9.661528547710848e-08,2.920146469335446e-07,4.662032659999719e-06,2.707683765514488e-06,1.4538056277382355e-06,7.022567092305146e-07,0.6913740438074408
166,0.6190107169010836,0.6006652177504072,2.065205341477028e-09,2.1525322043964348e-08,9.591005058217129e-08,2.8941625467655817e-07,4.661141069433845e-06,2.698148708862206e-06,1.4444491564655629e-06,6.963255838825614e-07,0.7127869138811672
167,0.5684763423339583,0.5317946282131462,2.032805978362831e-09,2.1285213830829822e-08,9.539294726922773e-08,2.889942635952588e-07,4.652236593077121e-06,2.697235314084239e-06,1.445287792490445e-06,6.966029645835328e-07,0.6964287270948176
168,0.5326511025426122,0.5153102441088007,2.0727757389878515e-09,2.1608353816493986e-08,9.621319696187977e-08,2.896503864646567e-07,4.5897517267476346e-06,2.6685866317012417e-06,1.434886328323536e-06,6.945332666004978e-07,0.6611081298765243
169,0.4942996790508518,0.4056959824184865,1.8347050555199903e-09,1.926125711143972e-08,8.67256784940552e-08,2.6417333408728244e-07,4.294361434048325e-06,2.4888516847089955e-06,1.3315077336287056e-06,6.397647919843263e-07,0.6494673245577469
170,0.7802665818356318,0.7607401892187127,1.8946054249085628e-09,1.9790289124725615e-08,8.851789864847077e-08,2.684252792007161e-07,4.408353755595094e-06,2.5392672260066144e-06,1.3529058866491448e-06,6.490666797234377e-07,0.8320899845731587
171,0.6735195471083865,0.652221715813135,2.057260447193799e-09,2.1480282764067233e-08,9.593027663558936e-08,2.900314817037878e-07,4.680103608553939e-06,2.7092054228743373e-06,1.4502213974155515e-06,6.987218491933696e-07,0.7585262878284059
172,0.6154875968213187,0.5916465857942838,2.10706197945211e-09,2.190997682898421e-08,9.731764894700993e-08,2.928700045593956e-07,4.67033018071987e-06,2.7097328123688923e-06,1.4542754667375825e-06,7.028574277670381e-07,0.7043031725189253
173,0.571241754074989,0.5471360010077836,2.0531782106896104e-09,2.149266080130956e-08,9.62406398475355e-08,2.911731046051262e-07,4.670052729236038e-06,2.7092964495141462e-06,1.452945364002374e-06,7.01005711458957e-07,0.7001493059560085
174,0.4299500172042547,0.4174064060365056,2.0714370444275302e-09,2.1542779998267562e-08,9.549901610457377e-08,2.857784530061659e-07,4.407106271343158e-06,2.5788524914310594e-06,1.396155226336168e-06,6.805739208207961e-07,0.5965634280627811
175,0.7163085060868176,0.7030646798680527,2.0458910073676363e-09,2.125140315789043e-08,9.423028216179284e-08,2.83090374635569e-07,4.503057990704586e-06,2.6117896762234697e-06,1.4022429876124843e-06,6.784001643880112e-07,0.780644932463522
176,0.6477752668660566,0.6341405023243825,2.096250719986428e-09,2.181096266810164e-08,9.692824107750025e-08,2.917297319304055e-07,4.660208046583672e-06,2.7018964885278306e-06,1.449290109317626e-06,7.002189163861735e-07,0.7320577124214179
177,0.6300703979763459,0.6361549259144493,2.111111390233492e-09,2.1931640920879247e-08,9.718153752507893e-08,2.914287393266769e-07,4.615403575914689e-06,2.67905025112981e-06,1.4395134878131667e-06,6.972106821735099e-07,0.7205492008464595
178,0.9772041124939886,0.9767377910234968,7.085637758186645e-10,7.418772083013895e-09,3.3397448675892675e-08,1.0277170167303859e-07,1.91758021286832e-06,1.0642347108804086e-06,5.475311642919679e-07,2.546666514245072e-07,0.9803826692274346
179,0.9774031630603296,0.9689207311783355,4.1682669111114814e-10,4.367548440650952e-09,1.959279772656125e-08,5.9470160304364594e-08,1.0210829298590435e-06,5.735881049574593e-07,3.013940564360602e-07,1.439168538355589e-07,0.9884301166942884
180,0.2038470888690443,0.0748983727393909,8.74532280445495e-10,9.217532704930973e-09,4.162991743304049e-08,1.2657648839917145e-07,1.995925415946905e-06,1.1672193629103872e-06,6.297948400138923e-07,3.048777776530279e-07,0.5149410743128245
181,0.8887143129307337,0.8744614085660397,3.6367874936664775e-10,3.7829908361658305e-09,1.7367555482260446e-08,5.767096106996145e-08,1.6698208585345984e-06,8.484769420632482e-07,3.913787906625905e-07,1.607668270482177e-07,0.9471301833979162
182,0.1039595062700013,0.0840889933606271,1.2547234104346332e-09,1.2956039061568776e-08,5.6820232207038394e-08,1.6808076196638268e-07,2.471518002748105e-06,1.4634642321598217e-06,8.018480130990229e-07,3.955795746007615e-07,0.3584561095091882
183,0.8841734670226884,0.91403020806327,1.3271370775394661e-09,1.3851896752661108e-08,6.182983516442163e-08,1.874817207227568e-07,3.285688056642889e-06,1.8518180294071824e-06,9.67137016295431e-07,4.568849852812222e-07,0.91402061490105
184,0.5645850461135754,0.5348452689437413,2.0742715171149527e-09,2.16779062705503e-08,9.68650489106824e-08,2.925242740261463e-07,4.6620012468153845e-06,2.708163686909928e-06,1.4545433576214698e-06,7.029771803353318e-07,0.691792394945329
185,0.8402721608104685,0.8260859288008348,1.69984947996978e-09,1.7753777776288818e-08,7.93616126321353e-08,2.403828326440651e-07,3.9254171018398245e-06,2.26302648355236e-06,1.2075407808126229e-06,5.803612499012595e-07,0.8802086740737667
186,0.5946903037982838,0.5834004645387441,2.1218716779534554e-09,2.203992320269674e-08,9.769179290673172e-08,2.93204318438599e-07,4.63966467914052e-06,2.695464914354885e-06,1.4490505489557748e-06,7.01834713014589e-07,0.6905773251480787
187,0.6623095352319814,0.6085453351026205,1.9612209679420284e-09,2.0695025658037853e-08,9.379870718246641e-08,2.873250598011187e-07,4.760293407384537e-06,2.745694243846957e-06,1.4620915973490232e-06,6.992554693508134e-07,0.7754683090343506
188,0.7013726109940243,0.6780571114529839,2.04530378123902e-09,2.1326420921385172e-08,9.505335421962413e-08,2.867625379498599e-07,4.587224297705459e-06,2.659875750898768e-06,1.4268489601648525e-06,6.891462937677057e-07,0.779047644926601
189,0.5719594583291714,0.5380651451671739,2.0124289989978954e-09,2.1074477429003924e-08,9.448495465210217e-08,2.865036351350496e-07,4.638067295175731e-06,2.685837383270171e-06,1.4371583135387884e-06,6.916083826821249e-07,0.6955918502137816
190,0.6132329017524385,0.5944974286344454,2.1315276889316803e-09,2.2125548195162612e-08,9.80059855234868e-08,2.9406181914774145e-07,4.646898926652014e-06,2.700477882056841e-06,1.4522849751976736e-06,7.036688061087499e-07,0.7013500144683464
191,0.6663065458909921,0.6587238479784959,2.0899290718803757e-09,2.1746959875441228e-08,9.659660701142064e-08,2.903265432734281e-07,4.6085054408882126e-06,2.675082899812414e-06,1.4371201939385617e-06,6.95590812706458e-07,0.7512811925049967
192,0.6253870716503062,0.6222707455573494,2.1047148995594752e-09,2.1904542975903004e-08,9.730979078246517e-08,2.9246033329650844e-07,4.645064939249068e-06,2.696017981624172e-06,1.448048908808833e-06,7.007369945693711e-07,0.721711900980673
193,0.5375112911972686,0.5140808238876367,2.089359535648084e-09,2.1727444825559583e-08,9.646554391155847e-08,2.8991302023795186e-07,4.582770754565712e-06,2.6654396932092885e-06,1.4338449249754343e-06,6.944732080302943e-07,0.6521903720717985
194,0.9291107880205718,0.9404043476587296,1.1095941325131834e-09,1.1559915141903388e-08,5.144258788164902e-08,1.5527573468889272e-07,2.6591751501581586e-06,1.503968412653836e-06,7.899238466069723e-07,3.7583014581379177e-07,0.9480665620851324
195,0.540356195430437,0.5183839969565741,2.0130981370777917e-09,2.1012590855128408e-08,9.377454685988965e-08,2.8315486538014453e-07,4.543764661983603e-06,2.63451990713891e-06,1.4121281765901225e-06,6.812218395738266e-07,0.6638815994800286
196,0.5036555051772329,0.4780049728545119,2.0455697015780736e-09,2.131583298623596e-08,9.487064062688079e-08,2.855314846366e-07,4.513905744902693e-06,2.6265102460917805e-06,1.413204546764986e-06,6.844015388927413e-07,0.6388641882618878
197,0.5023387336264099,0.4600390802506652,2.0015593022811268e-09,2.091687782143992e-08,9.348044654320517e-08,2.8242841137559455e-07,4.49898248092749e-06,2.6153262771587184e-06,1.4051218212122192e-06,6.790155550449278e-07,0.6467380051975993
198,0.677562741131804,0.6682743897272108,2.1119662348127333e-09,2.1872727247009484e-08,9.661148906234929e-08,2.894061597905877e-07,4.5818112465865325e-06,2.659737707212773e-06,1.4292716903001207e-06,6.922814989140748e-07,0.7409908987839177
199,0.6731925723448949,0.6459616429119236,2.0524004769773333e-09,2.1461364384444524e-08,9.601835519121599e-08,2.9058062064329894e-07,4.6786164633555375e-06,2.710633382010029e-06,1.4521531184756598e-06,7.00050442106122e-07,0.7651909804791795
200,0.5876077330368839,0.5571692083565374,2.0935332216686286e-09,2.1792802064626644e-08,9.694094803794197e-08,2.920924444417828e-07,4.661234013748938e-06,2.705488505503304e-06,1.4520992544559323e-06,7.015654857307492e-07,0.6870531313579943
201,0.7357577324524608,0.7323743465231103,1.986521751255543e-09,2.0658176506898452e-08,9.168179386081959e-08,2.753665978789799e-07,4.382617141831376e-06,2.5397002073936446e-06,1.3629685112473494e-06,6.595006329175578e-07,0.8017978093354234
202,0.4887832971441337,0.4545290635583242,1.961974171178932e-09,2.0486415718225622e-08,9.145872846579312e-08,2.761151760457336e-07,4.404140736151508e-06,2.5585882352926517e-06,1.3738757403431574e-06,6.637160956738687e-07,0.6321394539854563
203,0.5174358453243783,0.4895047408369315,2.0740359933931053e-09,2.159126211851747e-08,9.598383280101715e-08,2.886729231677467e-07,4.5565595777758304e-06,2.652179842613903e-06,1.427542284882616e-06,6.916183163449821e-07,0.6439172071933401
204,0.4839211847346407,0.4608553431297287,2.0532509052273323e-09,2.135495778940435e-08,9.478795516915805e-08,2.845603725150666e-07,4.465935442292972e-06,2.6023129959487865e-06,1.4025157541789494e-06,6.805440480749782e-07,0.6194786731999652
205,0.2574948603461107,0.202877150031913,1.540557967198528e-09,1.6005766084631372e-08,7.090152117884382e-08,2.1213348707058945e-07,3.2502289187986397e-06,1.906977351774051e-06,1.0344759755216516e-06,5.049051093971489e-07,0.4697294741379714
206,0.0154210541202282,0.0008171270732271,1.087494832841375e-17,2.998506541863363e-18,-7.98138646260375e-18,1.9128988091397352e-18,-4.3670957175942725e-18,-9.207549233441897e-19,-2.912750671195522e-18,-8.80546697687302e-18,0.1379332548813696
207,0.6136900533505152,0.5803750065898013,2.032727275869709e-09,2.1249322003579744e-08,9.509483743281497e-08,2.881894631621508e-07,4.682434590036546e-06,2.707870036432558e-06,1.4472503105569316e-06,6.958782775356604e-07,0.7149483869072605
208,0.6862091994388789,0.680582353913723,2.08277423953086e-09,2.162472203029765e-08,9.57409583116822e-08,2.8681830692620185e-07,4.508874777578088e-06,2.6216589771912897e-06,1.4115426569409152e-06,6.850690208725464e-07,0.7640742439333278
209,0.699356431916429,0.6904727437482162,2.060486532760569e-09,2.142408911095137e-08,9.511523677107353e-08,2.8605539348170893e-07,4.569465903900364e-06,2.648125333873409e-06,1.4202662325456608e-06,6.863074473232065e-07,0.7691480279458972
210,0.5166390526770287,0.4657990239949257,1.96190644828744e-09,2.0529133184201023e-08,9.195687846304636e-08,2.786223275631604e-07,4.483312095041326e-06,2.601086520013287e-06,1.3941728026996612e-06,6.718749473226077e-07,0.655659033037209
211,0.8939515189949916,0.9021004635417192,1.3763421734660174e-09,1.4372029486452336e-08,6.417829366766963e-08,1.94172940420073e-07,3.26357380548312e-06,1.8600132191414848e-06,9.830552084586303e-07,4.695805380866226e-07,0.920810307918688
212,0.5860225615777966,0.5671789091150955,2.062232147343366e-09,2.1557082561794803e-08,9.636159110793874e-08,2.912170066091108e-07,4.673384640752446e-06,2.709737365515842e-06,1.4526314514102368e-06,7.008065210112813e-07,0.7040507295386367
213,0.6093632402539625,0.6013460999843461,2.1335247370798302e-09,2.2184802791701618e-08,9.841249029936357e-08,2.9523543817616095e-07,4.643058477874289e-06,2.70154191613686e-06,1.454792174833387e-06,7.057951016984479e-07,0.7115859209511378
214,0.8038171615449926,0.8027083618221151,1.752468874869689e-09,1.8321211737296898e-08,8.178446882077494e-08,2.463116235571717e-07,3.916687932546558e-06,2.2702433781461978e-06,1.2191713506269905e-06,5.902383839151499e-07,0.8669124104820565
215,0.7521925652493913,0.7529124619314135,1.919289546829148e-09,2.0019833795994798e-08,8.936199178264707e-08,2.706315286542837e-07,4.487530608826882e-06,2.5764276329018507e-06,1.3683085676282631e-06,6.54864150206235e-07,0.8063998192898857
216,0.5931797865929872,0.5845097922766767,2.0896797146162683e-09,2.174171750479809e-08,9.660085538733849e-08,2.906270051382668e-07,4.639113707347845e-06,2.690330390105449e-06,1.4432520618071628e-06,6.973804910235626e-07,0.691802662524907
217,0.8045887018823918,0.8062088257084913,1.8253145341034971e-09,1.8930523687339797e-08,8.372775468968706e-08,2.509387847911315e-07,4.0088876586334415e-06,2.317764432336089e-06,1.241936683770358e-06,6.005964968486386e-07,0.8477083779165286
218,0.8784368154625845,0.875071692471057,1.462393556785826e-09,1.5123770439179922e-08,6.655439286276491e-08,1.9820516362336122e-07,3.0873309406772245e-06,1.7931258974751074e-06,9.669225348399804e-07,4.710281943273909e-07,0.9094491964970464
219,0.7043010185052796,0.6810536918255743,2.022939337548585e-09,2.1132557597580423e-08,9.445632562270819e-08,2.858220611686561e-07,4.6258612741455465e-06,2.675352230859109e-06,1.4309913956036168e-06,6.89013907189616e-07,0.7818496967921444
220,0.6938630179061737,0.6752641362962035,2.0368669013271237e-09,2.127168833360788e-08,9.502043194526421e-08,2.8732351814965025e-07,4.642887511164415e-06,2.686156094360071e-06,1.4372728778195353e-06,6.922971245910818e-07,0.774077653882535
221,0.6960575548750815,0.673702943467601,2.0523649053290508e-09,2.1397768032084218e-08,9.537230488031372e-08,2.878293671060521e-07,4.617793881357052e-06,2.675907908750477e-06,1.4343546706528988e-06,6.922030582448673e-07,0.7728868191818528
222,0.5623597086141708,0.5370974726434119,2.102205619973986e-09,2.1959297894450266e-08,9.801486800662716e-08,2.955135076896896e-07,4.674998220347681e-06,2.720440529466356e-06,1.463905916622838e-06,7.088694033252321e-07,0.6930984030191712
223,0.5764216736934212,0.5549861670187805,2.095662803355437e-09,2.1845914174210376e-08,9.729360846212376e-08,2.931050529077496e-07,4.660276048324501e-06,2.7071280719643137e-06,1.4543617466330817e-06,7.033807025027715e-07,0.6899256021212751
224,0.6614967584670595,0.6590430259709423,2.0973052591095004e-09,2.1793640795138105e-08,9.66308385333907e-08,2.900551652765184e-07,4.6033567641081645e-06,2.671157715511058e-06,1.4347128565047557e-06,6.944981857122847e-07,0.7429259146278487
225,0.5190183154765798,0.4872445152203752,2.078978151645218e-09,2.1643059248162515e-08,9.622190535342935e-08,2.894239890927885e-07,4.566065805152164e-06,2.658324545139154e-06,1.431127930365792e-06,6.934320656813074e-07,0.6451324308978501
226,0.8799992001199868,0.8795872897331869,1.516468986614428e-09,1.5818999502831968e-08,7.056791675264196e-08,2.133640160326561e-07,3.5238902582163744e-06,2.0211488210524406e-06,1.0741450650195583e-06,5.150962758639684e-07,0.9088468287097964
227,0.6123946981281352,0.5999275210910563,2.146476553322763e-09,2.22880831353048e-08,9.870678248646573e-08,2.958132230415841e-07,4.640675118153739e-06,2.7016602619514404e-06,1.4557201756150955e-06,7.066830211667082e-07,0.7081371793791891
228,0.7069209384402352,0.692428198516535,2.0238157169127263e-09,2.110892272396475e-08,9.415694586272153e-08,2.845086848607787e-07,4.611048201359446e-06,2.66447809548478e-06,1.42418345541357e-06,6.855372225338643e-07,0.778433567004819
229,0.6935444905161545,0.6631774415515289,1.967110982463721e-09,2.0649045841372543e-08,9.296451084445669e-08,2.834155435157491e-07,4.701323826670556e-06,2.7059732533568404e-06,1.438971422748517e-06,6.882145879287083e-07,0.7787275597575808
230,0.5874879220479676,0.553658342975653,2.063116362759599e-09,2.1601319666521132e-08,9.677851844675123e-08,2.930013478731563e-07,4.69980215643072e-06,2.727035173787337e-06,1.4626464970868969e-06,7.056595664880226e-07,0.7119563818245819
231,0.5591649210143316,0.5263854304369192,1.9783740137329544e-09,2.0671638506417208e-08,9.244309230691059e-08,2.799306459856525e-07,4.539120055815734e-06,2.626326609421951e-06,1.4042620051758402e-06,6.755127636741803e-07,0.6746839088517022
232,0.0111140432629821,2.6004235578598045e-17,8.373785527849694e-18,5.400867509627776e-18,-4.743326676654555e-18,3.1312358490115752e-18,5.852543934679111e-18,-3.6631369269469137e-19,-1.0406486801498036e-17,-8.969274668525874e-18,0.1580867029625979
233,0.97849922594671,0.9672998660169188,6.041558255511555e-11,6.053125760154414e-10,2.558214913735912e-09,7.551179486079017e-09,2.754330009339572e-07,1.2056779677093752e-07,4.92472590933195e-08,1.9468451042510364e-08,0.9902351393632434
234,0.8876170725031045,0.8841468193612335,1.521011341913904e-09,1.578448499212962e-08,7.00029674501885e-08,2.110254746740438e-07,3.480024075241537e-06,1.9959001944656546e-06,1.0608139260022844e-06,5.088873017688953e-07,0.9063307548137406
235,0.6639394877336042,0.6388574401578291,2.043936268364527e-09,2.133460399367696e-08,9.529613731105949e-08,2.884336257205455e-07,4.69031748995775e-06,2.709943703134118e-06,1.4475997784188745e-06,6.960401610819472e-07,0.7458752749113194
236,0.5594479570910879,0.5138633137238315,1.99344579078317e-09,2.0848913822049822e-08,9.335917052021582e-08,2.829807324727652e-07,4.580060887943905e-06,2.65242517479311e-06,1.4193066693525009e-06,6.830299549917058e-07,0.6797374583072141
237,0.7756157100700868,0.7667416415479141,1.9075083405971283e-09,1.9888801227976105e-08,8.866653968199349e-08,2.678166464865572e-07,4.349117505283918e-06,2.510230941789357e-06,1.340830660656962e-06,6.452593808827976e-07,0.8293585793910452
238,0.605803035531408,0.5761793977707769,2.0906738003901767e-09,2.1802416986540173e-08,9.719805665548412e-08,2.932908053879777e-07,4.689633788851108e-06,2.7210070182771747e-06,1.4598975404154906e-06,7.050007511607994e-07,0.708547025591799
239,0.8326859474821177,0.8302123851570786,1.703939915337896e-09,1.7783506550004688e-08,7.931682020699303e-08,2.393461559096058e-07,3.876374050208844e-06,2.236239303100629e-06,1.1949739697699575e-06,5.757703025902301e-07,0.8779410185041193
240,0.7404210781522059,0.7475274416895809,1.9832140220494292e-09,2.057687139727042e-08,9.11173905862279e-08,2.7369206779829773e-07,4.420783164537205e-06,2.5511945320267627e-06,1.3632684805987658e-06,6.571053992574493e-07,0.7925978949772129
241,0.6997475855159048,0.6825667204959056,2.0366270905001948e-09,2.1262534960164723e-08,9.487630051940854e-08,2.8627123207084584e-07,4.572396729875602e-06,2.6523370445310644e-06,1.4234307349878192e-06,6.87782502439032e-07,0.7837080606172204
242,0.7177767029169992,0.7170042804051273,2.0311527193784268e-09,2.1053478049943167e-08,9.317956981428672e-08,2.8013644784279217e-07,4.540723793701459e-06,2.620032413379596e-06,1.3991106148872844e-06,6.735671873957393e-07,0.7660519466402612
243,0.729092613421368,0.7232478827852666,2.0114705668281984e-09,2.0908159777780862e-08,9.275384403976097e-08,2.785985664494955e-07,4.433009394011759e-06,2.569909917275192e-06,1.3794338982651755e-06,6.674154763611436e-07,0.7943520510277551
244,0.5254135325709931,0.4852811903435194,2.003113881169838e-09,2.0940398698062092e-08,9.36505484559657e-08,2.832384233807488e-07,4.5381100516343954e-06,2.634152041683169e-06,1.413080864286378e-06,6.818541615414617e-07,0.6607814264825999
245,0.477206107672202,0.4160362032360002,1.8163079286383666e-09,1.901287399337041e-08,8.523844333127504e-08,2.5858690377908373e-07,4.180784437391511e-06,2.423505194105159e-06,1.2974888008196008e-06,6.244288633884747e-07,0.6262310802224847
246,0.5254074471536995,0.4749181471492818,2.020682897865088e-09,2.112492398678608e-08,9.44882225735438e-08,2.857881987640505e-07,4.565397868543502e-06,2.652505386532101e-06,1.424228249777153e-06,6.87739359958901e-07,0.6624165672501353
247,0.7240709400589016,0.7156207860931034,2.0078843215353114e-09,2.0893446705278093e-08,9.293383305357256e-08,2.803775988732449e-07,4.55833557732734e-06,2.6301579201814684e-06,1.4041207043229292e-06,6.754133013212965e-07,0.782673505701402
248,0.5286651496892921,0.5054175410086912,1.9763872179491852e-09,2.0634255979391252e-08,9.212994329637553e-08,2.783928802693052e-07,4.48059721553837e-06,2.596646710324488e-06,1.3908743184335683e-06,6.703870588526077e-07,0.6541358747243208
249,0.6643898261918779,0.650343545303425,2.094571357150424e-09,2.1811546140066786e-08,9.697917494502993e-08,2.916818632301794e-07,4.620876301912662e-06,2.684884801524615e-06,1.44352628142852e-06,6.98970065380035e-07,0.7527514194150797
250,0.5729746264164608,0.5574629878610942,2.095259361646346e-09,2.1811668560826838e-08,9.696835035650681e-08,2.9175262160709173e-07,4.637230932428039e-06,2.692961968779943e-06,1.4465302042696766e-06,6.996894610329612e-07,0.6813677253956871
251,0.7418429060665783,0.7234456169929462,1.976332242235521e-09,2.0625952961781616e-08,9.208036152557709e-08,2.784260333915794e-07,4.509551411957279e-06,2.606562818193395e-06,1.3937267012043665e-06,6.710218784536816e-07,0.8065004676469453
252,0.5708940275086949,0.5432315197550793,2.009325021318007e-09,2.0984524141996937e-08,9.375881861632068e-08,2.8358582889045585e-07,4.583975257625123e-06,2.653098260561324e-06,1.4194537664731523e-06,6.834842007029468e-07,0.6833784912918333
253,0.4568202637168574,0.4410404362753314,2.00645868674172e-09,2.086937049849488e-08,9.262346977789625e-08,2.779817712914406e-07,4.361236060526889e-06,2.541478406645084e-06,1.3697728188880118e-06,6.646952802412227e-07,0.6008479828967422
254,0.692914862410973,0.6776108381501564,2.046218463556448e-09,2.1351135017642813e-08,9.518577841237897e-08,2.868889813087593e-07,4.566997479491843e-06,2.6506439705760723e-06,1.4235489857183463e-06,6.88487522186515e-07,0.7791663905269466
255,0.4644096965256773,0.4249602512415658,1.9468836248290124e-09,2.035360454215562e-08,9.098314293667705e-08,2.747833888308768e-07,4.365209526634386e-06,2.539407724278623e-06,1.365296325655227e-06,6.602229188894117e-07,0.6249612210138706
256,0.5623511522016907,0.5450888898944769,2.137570422771834e-09,2.221034052245312e-08,9.846447007770565e-08,2.9540427125252624e-07,4.640912118928952e-06,2.7025797461787525e-06,1.4560085046508204e-06,7.0639629756029e-07,0.6712322198906417
257,0.5971254623912053,0.5937379831430808,2.1406914068974716e-09,2.2258956725561772e-08,9.870386206430073e-08,2.958390122539061e-07,4.633555398231421e-06,2.69841280202206e-06,1.454564586054262e-06,7.064569249381318e-07,0.7058520354201403
258,0.4390214513058681,0.3878882776265666,1.7850428762816983e-09,1.8659007773224373e-08,8.344988858659157e-08,2.5242327471984015e-07,4.042857837768962e-06,2.347851067406331e-06,1.2597001276147824e-06,6.077859443600518e-07,0.5989297886255673
259,0.0110699302542261,3.0826316118225886e-17,9.373652048129857e-18,-6.292226852165915e-19,1.9660699066328537e-18,5.292644283172826e-18,-3.3152683877082528e-18,-3.3453388021096255e-18,-3.8214585201431444e-18,-1.9935603455176453e-17,0.1626407467591507
260,0.6637689030682815,0.6463648096175505,2.050838353893711e-09,2.143318323093299e-08,9.580937506581485e-08,2.897239407788466e-07,4.675406801889049e-06,2.705875741945016e-06,1.4482873873984994e-06,6.978475914059965e-07,0.7561196071348658
261,0.4744252228470278,0.4294137280075075,1.9457178010053838e-09,2.0328311279789804e-08,9.0826035855892e-08,2.743784296098518e-07,4.369557633932092e-06,2.540660009572225e-06,1.3651341408478756e-06,6.596828463930329e-07,0.6254721474032763
262,0.7360270086114078,0.7118459568626697,1.9740059027944637e-09,2.063928906671655e-08,9.240955881078713e-08,2.8032344829783333e-07,4.585306707467848e-06,2.6456283094238237e-06,1.4114160975172157e-06,6.776853096598574e-07,0.8027777122090519
263,0.6076096422198869,0.6024837986117655,2.1272933866501493e-09,2.2084806965803626e-08,9.780356147892425e-08,2.932497340866319e-07,4.6325082919554335e-06,2.6914805958160786e-06,1.447313736424869e-06,7.013726924952718e-07,0.7001918225591823
264,0.5592164396737375,0.5313869218690014,2.0767384334446595e-09,2.168160259929845e-08,9.67577638157838e-08,2.919555790012293e-07,4.64938081004999e-06,2.701145099445132e-06,1.450939384687376e-06,7.013526817734509e-07,0.6833037753826575
265,0.430301960708281,0.3738774268059149,1.8168906392506022e-09,1.9029207646363676e-08,8.529280940791205e-08,2.5825120674266764e-07,4.12231108683241e-06,2.3969379322781366e-06,1.2875231109867224e-06,6.217323942217362e-07,0.6076539702945982
266,0.6110685884739288,0.594470074753015,2.077632992737418e-09,2.1625296557323736e-08,9.618194981177657e-08,2.898315225840413e-07,4.6537790037143e-06,2.6955473719589394e-06,1.4440277848606385e-06,6.966539655598391e-07,0.7023487036277034
267,0.9741413254561094,0.9651439673615988,4.1269060565537184e-10,4.338321091544187e-09,1.9556458742991768e-08,5.96354738107375e-08,1.016867769245355e-06,5.740431166829842e-07,3.027359921136557e-07,1.4469616915929536e-07,0.9855784121332168
268,0.8767374250403985,0.8780119905595547,1.5438780465917324e-09,1.606970404615711e-08,7.147136241275953e-08,2.155661408184417e-07,3.539433607759102e-06,2.032654361724101e-06,1.0817434105408804e-06,5.195076087181196e-07,0.9039439689255194
269,0.6273964978008147,0.602673590827122,2.0900818021404622e-09,2.181082645415165e-08,9.730303315429777e-08,2.937071931110103e-07,4.699182551606914e-06,2.7260625557214237e-06,1.4624319496735025e-06,7.061400032102121e-07,0.7274186691198029
270,0.5994230877468467,0.5761340205508848,2.1150017942581407e-09,2.2039115915529603e-08,9.810014841413396e-08,2.953709007984837e-07,4.683043620638946e-06,2.72206912541173e-06,1.463489432725883e-06,7.083440218775562e-07,0.7065758096244903
271,0.6368913941805007,0.5957384427513576,2.009680557435321e-09,2.1025239782112413e-08,9.424829926946877e-08,2.862870359899449e-07,4.691838583313682e-06,2.708253036099683e-06,1.4444389961298763e-06,6.929435722209724e-07,0.7296205307156781
272,0.6137054737218164,0.5959196398959203,2.0887908265907213e-09,2.169042037134989e-08,9.619760877288006e-08,2.8934456795102013e-07,4.636472215738892e-06,2.685810840873711e-06,1.4392155009663026e-06,6.947349076328628e-07,0.6940530846864095
273,0.5509785047937498,0.510224121309291,1.927345278558029e-09,2.0187546714734235e-08,9.058180866466314e-08,2.751007906205906e-07,4.488823554003479e-06,2.59494762030792e-06,1.3857220561464737e-06,6.654180601759952e-07,0.6765900336079783
274,0.5655539564265264,0.565262059833244,2.135305315632516e-09,2.2189290161110078e-08,9.832955895553279e-08,2.946462314807881e-07,4.621920672159101e-06,2.6906316012969366e-06,1.449664485549631e-06,7.037535084343948e-07,0.6785716902605955
275,0.7546076457845069,0.731418889489123,1.903282601919488e-09,1.99919837040551e-08,9.00970969786642e-08,2.750370725613316e-07,4.5935776818031086e-06,2.639120902769592e-06,1.4009985112878775e-06,6.689388216216827e-07,0.8218509527579134
276,0.6681643545409067,0.657711343676973,2.086652402358189e-09,2.17304834033686e-08,9.654649252396525e-08,2.897581747091044e-07,4.537845196765534e-06,2.643165784152004e-06,1.42522645337945e-06,6.92288984471774e-07,0.7636683752722536
277,0.5097729205117406,0.4758735683237101,1.989917703410381e-09,2.0922028381326543e-08,9.417613419312701e-08,2.857932645209723e-07,4.57759251154181e-06,2.6591277494412337e-06,1.4273239886983876e-06,6.88774277832829e-07,0.6802153563891319
278,0.466463093388158,0.4318710656967379,1.974542491709785e-09,2.053577030850028e-08,9.119985814319789e-08,2.741527329813304e-07,4.326602166984283e-06,2.5185315441314123e-06,1.3555535003441398e-06,6.567221592146995e-07,0.6001668819852513
279,0.7084436358997469,0.692846548672173,2.040172835759277e-09,2.1247613315701963e-08,9.45238420100906e-08,2.846154315084889e-07,4.537562596182699e-06,2.6317389850867413e-06,1.412573663376886e-06,6.829440780280066e-07,0.7827957201284653
280,0.6178885688756403,0.6002274572495748,2.100417166658667e-09,2.1904224997387735e-08,9.760275279914289e-08,2.941885851043497e-07,4.689020431667675e-06,2.7219928130040903e-06,1.4614597180265287e-06,7.063995612925268e-07,0.7204869806104033
281,0.6556981138565602,0.6593106487467557,2.0482298101082038e-09,2.1328019560982013e-08,9.489515647237417e-08,2.861004560339315e-07,4.635371320071515e-06,2.677408864071424e-06,1.430568006714992e-06,6.886566878179381e-07,0.7357067092254117
282,0.4866036960045113,0.4092665098382254,1.773022325292591e-09,1.8653455195930613e-08,8.419660437102783e-08,2.568897648261043e-07,4.199163098039506e-06,2.430559471719992e-06,1.298504390188509e-06,6.23011059589395e-07,0.6529481282859473
283,0.6212945722937065,0.584771206228125,1.998967262048134e-09,2.099280902840741e-08,9.449741026987965e-08,2.876096713867928e-07,4.707034541267792e-06,2.719169759416079e-06,1.451247518613572e-06,6.964495070628789e-07,0.7363150030387665
284,0.5054705662618879,0.4799097511335358,1.981517226397439e-09,2.0646495890141237e-08,9.192725518403329e-08,2.7701067979274866e-07,4.419145188317656e-06,2.565167599795932e-06,1.3767552531084082e-06,6.651996005210389e-07,0.6327883724776704
285,0.759112636152233,0.7605043855245502,1.945216776038928e-09,2.0234520579452448e-08,8.99223005176493e-08,2.7095533972288573e-07,4.402306929315551e-06,2.5386799290536675e-06,1.3551263705469856e-06,6.521112480200657e-07,0.8112852179510671
286,0.5636001572248909,0.5173660204445167,2.0150934976081392e-09,2.10994028081643e-08,9.459566159293125e-08,2.868439151820279e-07,4.630691209037982e-06,2.6837955979380954e-06,1.4372427099236592e-06,6.92138835516177e-07,0.6902608402349792
287,0.5174181895622709,0.4887875671408282,1.958563765712719e-09,2.0456206114743028e-08,9.138330921755202e-08,2.7622246085686737e-07,4.4423966628697326e-06,2.575205073454427e-06,1.3797294686165115e-06,6.651403567429364e-07,0.648524326095512
288,0.0133526157571807,0.0015153950059039,9.890808571835179e-18,1.1393217864179808e-17,1.292309113817953e-18,6.100702168886647e-18,-7.674230670050605e-18,-7.120974439916029e-18,1.09928927069273e-18,-1.2425110853223837e-17,0.1727787212189296
289,0.4616576279252298,0.3945733616707331,1.8206246481935654e-09,1.9074552256205083e-08,8.559162896393898e-08,2.597139339911224e-07,4.182396200362135e-06,2.4276340158307446e-06,1.301302513542692e-06,6.268682083499468e-07,0.6232173390749168
290,0.8034819454689486,0.797902355227479,1.8331264345703622e-09,1.908747493207685e-08,8.493867932430692e-08,2.561687507830356e-07,4.159206433502451e-06,2.3985501329376847e-06,1.2807482433047117e-06,6.165524878017015e-07,0.848592471640237
291,0.6730855697624719,0.6339587064145256,1.994326463791123e-09,2.0959893162218363e-08,9.447551286280255e-08,2.880318386866992e-07,4.735955807847577e-06,2.733458171249939e-06,1.457454891813214e-06,6.985763772173818e-07,0.7722458762703344
292,0.7020912429657208,0.6851466663361054,2.0478638835727286e-09,2.1329421021224062e-08,9.48994928195539e-08,2.8576730636969925e-07,4.554739644735568e-06,2.6419489681658785e-06,1.418161520148394e-06,6.856879839663504e-07,0.778432225561603
293,0.6251356538044508,0.6179956412873996,2.1172477376579268e-09,2.2021164807959528e-08,9.775064654494513e-08,2.935994906270428e-07,4.648616068414427e-06,2.7003490779249357e-06,1.4516058603117376e-06,7.030064251156443e-07,0.7199910688199792
294,0.59609736894775,0.5767704514786428,2.062855057145187e-09,2.150499599562961e-08,9.583870645215137e-08,2.892302184616176e-07,4.6520535524758334e-06,2.6947029026714574e-06,1.4432897397269935e-06,6.959115150761549e-07,0.6969603568321284
295,0.3970709699397716,0.3169398278643982,1.6399511300287335e-09,1.7252656973777368e-08,7.77968396460645e-08,2.367371907311017e-07,3.810532183527669e-06,2.2139274343045883e-06,1.1874600406598236e-06,5.720220278147731e-07,0.6054432379503376
296,0.7585626102887676,0.7501983570475173,1.9339276793312284e-09,2.0169070402878413e-08,8.98693403970042e-08,2.7090115312603297e-07,4.341888078504615e-06,2.514029856391149e-06,1.3474791919657669e-06,6.507066511563178e-07,0.823141067549986
297,0.7337315672448064,0.7278759039089546,2.0032611452062343e-09,2.083505445203297e-08,9.253094825953312e-08,2.783585230663725e-07,4.459255669591883e-06,2.5814376469930965e-06,1.3833194256313627e-06,6.680672510827125e-07,0.7961129225209235
298,0.5742844452592734,0.5333180710576325,1.9575236219255008e-09,2.05388703631573e-08,9.235586051054146e-08,2.809147738348133e-07,4.593408501273553e-06,2.654545905773885e-06,1.4170309889308838e-06,6.800935670612733e-07,0.6999826766900191
299,0.5023696406464204,0.4772942869565639,2.098707036362041e-09,2.188223315290356e-08,9.739911143285345e-08,2.927857513836337e-07,4.581631225608101e-06,2.672829742848646e-06,1.4421103885883113e-06,7.002731077260037e-07,0.6494056270925268
300,0.6410815318823715,0.603616585579764,2.050465523982408e-09,2.1512745611311173e-08,9.66480224095624e-08,2.9327172675541325e-07,4.719860326469114e-06,2.73724745778835e-06,1.4673136241837555e-06,7.073293209321109e-07,0.7555862934160864
301,0.7103178553274513,0.6978544809967036,2.0338026431159603e-09,2.1179761408518936e-08,9.418314718038315e-08,2.833402649125812e-07,4.501929674198519e-06,2.6126048461357004e-06,1.4034034770855306e-06,6.791680883724632e-07,0.7863964981251255
302,0.7185820567043463,0.7017015989322446,1.988473652672478e-09,2.0781009725138278e-08,9.280321927900377e-08,2.7988616133973565e-07,4.442468471510037e-06,2.5802232076827847e-06,1.3870020247523482e-06,6.714075568534818e-07,0.8047653827717965
303,0.5677962396117109,0.5327116123507499,2.096689852020841e-09,2.1824779964299217e-08,9.706808806047939e-08,2.923620334631934e-07,4.6468920856665306e-06,2.700454932298213e-06,1.451059483637079e-06,7.017401649445392e-07,0.6741643165616901
304,0.5899880140697908,0.5937057397768212,2.144034160879641e-09,2.223578550602748e-08,9.827730836383049e-08,2.9387609986696524e-07,4.599705002564509e-06,2.6770414093925863e-06,1.4426112688996076e-06,7.008753300398177e-07,0.6901478699976743
305,0.6383257856640996,0.6430033627015962,2.146420412546198e-09,2.2199285426699313e-08,9.77972044952929e-08,2.919489241977524e-07,4.575318061455631e-06,2.6608089946682817e-06,1.433040003576915e-06,6.960360386709361e-07,0.7132246688739005
306,0.5851999051026194,0.5400710902178475,2.036997421071717e-09,2.131046129332684e-08,9.544902363241465e-08,2.892906050487392e-07,4.671575479249428e-06,2.7067999837110457e-06,1.4493324820812166e-06,6.979370447174908e-07,0.7010632115936518
307,0.8266737477532377,0.8233916520018997,1.7154966229580146e-09,1.7890865663405036e-08,7.968930087667449e-08,2.4002683950598364e-07,3.853578944944701e-06,2.2274354029584694e-06,1.1928917483064336e-06,5.761125018708855e-07,0.8749821421315535
308,0.5991011832448422,0.5478400845547406,1.8587585481847247e-09,1.947906273337812e-08,8.759202250625564e-08,2.672360923823493e-07,4.458766040532811e-06,2.565123615807716e-06,1.362252365817457e-06,6.502230937064454e-07,0.6996113355862025
309,0.6597202432935143,0.6554524568665047,2.071702647860101e-09,2.1560146799588196e-08,9.585064072962785e-08,2.887079291946211e-07,4.646701295029691e-06,2.688541923282483e-06,1.4391181875522023e-06,6.939700803280237e-07,0.7388177789290679
310,0.6113084883446253,0.5724633926432443,2.0393457880468e-09,2.136124115858523e-08,9.582155424923527e-08,2.907710596271694e-07,4.713489849965069e-06,2.728760945015903e-06,1.459780589985922e-06,7.022786738346063e-07,0.7232491715715598
311,0.5623117893503207,0.5247890634513598,2.0046219796676403e-09,2.1011917731282404e-08,9.430793830281769e-08,2.861401336141232e-07,4.628534770097079e-06,2.681326253790037e-06,1.4352058526500977e-06,6.907986262332207e-07,0.6937630802745921
312,0.6359412271471219,0.6168345665562647,2.073186977068753e-09,2.165839929867081e-08,9.675253573426381e-08,2.923355139556699e-07,4.695895053764158e-06,2.721348863615752e-06,1.4583872558963594e-06,7.03488580921882e-07,0.7366306315369787
313,0.6997788933910015,0.6839510886801166,2.0056732234575513e-09,2.0946966126645737e-08,9.3635724652012e-08,2.836551741556872e-07,4.64570250602887e-06,2.678403751620147e-06,1.4278768508871647e-06,6.853786642006796e-07,0.772567473987619
314,0.5416994999130754,0.5118867047345931,2.08153810219329e-09,2.166923510340636e-08,9.635734649905013e-08,2.900097021503752e-07,4.596942317341288e-06,2.672783728196935e-06,1.4370533748741948e-06,6.95485439159702e-07,0.6583604175393103
315,0.5971252087629012,0.5486598164381732,2.012543716914684e-09,2.106943846065667e-08,9.450059066825092e-08,2.8700039435267854e-07,4.672431306165044e-06,2.702997282771632e-06,1.4445157278362948e-06,6.940601842722663e-07,0.7071887832567534
316,0.6146179091782417,0.6106134171719398,2.135295431146232e-09,2.2192480302306263e-08,9.837457844361697e-08,2.949272087203366e-07,4.634604239779764e-06,2.6966725148314145e-06,1.452326491373776e-06,7.047636047695096e-07,0.7141143990723209
317,0.5848657031780213,0.5155777715973403,1.6770637587387731e-09,1.7625689925333264e-08,7.962172717036392e-08,2.4414594593224624e-07,4.141178282336674e-06,2.3749382116645894e-06,1.2563824848202283e-06,5.969846724654954e-07,0.6953703472181727
318,0.4529880755872297,0.3314426586253471,1.5961425388546842e-09,1.6883324455645072e-08,7.67881260695811e-08,2.358624528878088e-07,3.892737117573506e-06,2.252100434267884e-06,1.2014088623283528e-06,5.747626442420735e-07,0.6541990898395447
319,0.5318027344593081,0.4972382999283776,2.010812627906944e-09,2.0968601417266822e-08,9.348883900194473e-08,2.8217303528113695e-07,4.517635266348648e-06,2.621219772573873e-06,1.405912644966401e-06,6.785887817991187e-07,0.6526946310140881
320,0.8147603276531189,0.8179426312886062,1.7867248266491927e-09,1.8570383499049743e-08,8.237988302537246e-08,2.475809278866981e-07,3.992060610818167e-06,2.303519847820824e-06,1.231571169449401e-06,5.941229770972585e-07,0.8575894435389059
321,0.6455890168574311,0.6415850187404625,2.0581037810586035e-09,2.141839949023493e-08,9.52418700489641e-08,2.8704366093149134e-07,4.6396996034477e-06,2.681580667447393e-06,1.4336970859828746e-06,6.905778705495615e-07,0.7260847415294229
322,0.3839696806712295,0.3641953209857635,2.0593361346189393e-09,2.1241414149363253e-08,9.317838945346765e-08,2.766342571368768e-07,4.189329970905011e-06,2.4600649040831927e-06,1.3372045602079884e-06,6.549272084805545e-07,0.5210960227102496
323,0.4240217065914844,0.2775808203004074,1.2490312780234543e-09,1.3334006974061209e-08,6.137947022566331e-08,1.9038690969206635e-07,3.211005075376545e-06,1.851024616918556e-06,9.828763372258475e-07,4.674461656705633e-07,0.6711847068658051
324,0.4933647660006673,0.4074829544149647,1.7207231512947176e-09,1.8111348824266946e-08,8.183619752405835e-08,2.500918752600521e-07,4.114622163162007e-06,2.378339852329116e-06,1.2685921877037028e-06,6.076013416559978e-07,0.6553934096717872
325,0.3035901535566789,0.2707783318796101,1.7204260247556502e-09,1.7810808509700572e-08,7.85357203031094e-08,2.342196202653313e-07,3.585521799696804e-06,2.1018609720373525e-06,1.1397758283099949e-06,5.565470934618458e-07,0.476264074068998
326,0.5517150849353514,0.2653434763996977,1.493747790957421e-10,1.86744470683741e-09,1.0509615602648135e-08,3.9003292659134585e-08,1.0134235524992294e-06,5.42701956661954e-07,2.625684310260887e-07,1.1099630520476778e-07,0.8613220183575678
