,lvl_x1,lvl_x3,lvl_y1,lvl_y4,lvl_y7,lvl_z1
0,0.7365787515263614,-0.020048024013764643,-3.48054723378403,0.0032256237735271004,0.00016913849048960782,3.445492181114299
1,-0.2814382398878901,0.0015701200056383808,-1.3501064422904594,0.0013159881128164503,-0.00023320440000067745,1.3812673070816814
2,0.2507756983035088,0.013722045739529863,-0.25898111190962053,-2.131671552239553e-05,2.86157301738706e-05,0.41333950181311047
3,-0.011138532863647401,0.006686683552734165,-0.06640070654574182,-0.0018647564368263097,0.0005915379645911696,0.13832720321625983
4,-0.3314215938801974,-0.0027691663446565164,0.37561531379366125,-0.00046353799913411537,-0.0002768250223968394,-0.29580199569922166
5,-0.38132548202404176,0.0073130272179751125,0.5594498544078884,0.0015451482870257895,0.0006752534666185497,-0.5939427627725362
6,-0.2688388863960474,-0.012659523796837978,0.4144368812946042,-0.0013554071625104963,-0.0001849345277648303,-0.3316030368577321
7,-0.2108562266165168,0.0076516190889790335,0.6832385338056196,-0.00034926633281294223,-0.00029047093415353483,-0.647811520206741
8,-0.19381044127091443,0.0018264517929289551,0.7568732652243012,0.0035051409970669337,0.00023895971174913686,-0.6627815714066946
9,-0.13316327452495094,0.0015565422545479068,0.7901491829512298,-5.0270593188574315e-05,0.00010674688591251212,-0.7341887705684339
10,-0.026693018659047506,-0.0027764504491843084,0.8013307784040259,-0.001142852966196623,0.00012305297105598298,-0.7463286368013285
11,0.010843235770301376,-0.009849843004720004,0.6872028982963947,0.0002451375577999733,5.760400894103258e-05,-0.6525782318968973
12,-0.04517629234079724,0.003151892377041964,0.5179942561979214,0.00020668538540065843,-0.00016200328195878008,-0.5170224864210164
13,0.12697811338437287,-0.00048780268459232816,0.5355617738738503,-0.0010925186125035381,-0.000330947422884149,-0.4521297941273028
14,0.16655565090674015,0.004536803719854029,0.32316095739721024,-0.0033221030026226515,8.154700322084123e-05,-0.24938615586951488
15,-0.157757355851283,0.001529699602305038,0.20213251005715382,0.0014988617994631487,-9.094286166557202e-05,-0.19213403863473943
16,-0.492830474535479,0.002398853916205776,0.17855118520437854,-0.0003881489222580696,-0.0005491728787339255,-0.22239171171622663
17,-0.43823692469132336,-0.006361068993094843,0.11456777236734317,0.0011366694173554066,-0.0005409836785606169,-0.2155398766941887
18,-0.3092364471237032,0.003198596169309735,0.14946210225905304,4.8393758133662744e-05,-0.00022549488901496092,-0.15902171803599643
19,-0.30727901306204797,0.0027146586362884625,0.20128773140229025,-0.001318568514276832,-0.00030354410112159004,-0.22768719007688556
20,0.09489668323267002,0.004763044896354356,0.0822681344135709,-0.000536531650396355,-3.066106203204204e-05,-0.040142940339637584
21,0.1009789032416669,-0.00219598880454357,-0.2698453940867385,-4.9393285041917864e-05,-0.00025517804509784386,0.26554918772227504
22,0.11310501046063832,0.008461469956852843,-0.23175012230066158,3.97623455518491e-05,1.2342927050301823e-05,0.2799835415626703
23,0.417296675344718,0.00948724229086357,-0.16811713064958086,-0.0003763524476013771,-0.0007010460833131979,0.20643922071792828
24,0.5595711593719715,-0.002482316663593126,-0.3940389503332766,-0.000363859121484732,1.65550672732765e-05,0.5020005716876593
25,0.39916652510052303,-9.996186999958e-05,-0.599515943132631,0.0008952396412575174,-0.00016001745579051762,0.646830549939954
26,0.009216731357027394,-0.00025276039174878894,-0.05287926452524142,-0.0005100816724564469,2.77810176118214e-05,0.05215531233303947
27,0.9187789733953942,7.360635743848543e-05,-0.08005927335306078,-0.0006087103486620774,-0.0006156791287708632,0.31563610274257425
28,1.0194830235972203,-0.001966977925203546,0.43168094485346103,-5.6629527932818e-05,0.00035059843452942897,-0.7367038272053841
29,0.6616492147671406,-0.004172556604638313,0.4543324875744177,0.003809967662873382,-7.868412891807127e-05,-0.9908711391167871
30,-0.7572459276487563,-0.005899908117451444,-0.14915815168734883,0.008320634233999943,0.0005403714592463645,0.11929106324109899
31,-0.6484911097657539,-0.0010523395710500657,-0.591487953899894,-0.0005777551224758615,-0.0003479430300430944,1.0292246900095894
32,-0.9909803725846595,-0.000536319192581959,0.12597628971395947,0.0035932091384364984,-0.00024588434041576457,-0.3547351921985464
33,-1.198586609415725,-0.0016339809000251442,-0.16799119683943162,0.0031851055484471364,0.0005423640968050261,0.23951938401207273
34,-1.0492586945041689,-0.0010489918066869095,-0.8647400270342173,0.002965671290588503,-0.0003284720224010162,1.6421597177636993
35,-0.530042605854918,-0.002611554042990351,-0.523232461005854,0.001779870716120624,-0.0006569548858419568,1.043010490567761
36,-0.19185384796866575,0.007085286863130687,-0.3215134938577444,-0.0031738725874352666,6.813738192295392e-05,0.5648009479320624
37,-0.15533753680610213,-0.0041984847548289465,-0.966951588813371,0.004703439552531961,0.0002650306137099151,1.9504343330975518
38,-0.43189702862304163,-0.003332545645399102,-0.3382316249107416,0.0006590229964482887,0.00039627434913233763,0.5897761566571197
39,1.2041479889973314,-0.03293503704684168,-0.40560437179089953,0.0009198999270777599,0.0003154883711434876,0.7719222347265969
40,1.2962711034341399,-0.0009624920629569815,-0.16096251209768575,0.0007030372464937454,0.00030220596284070067,0.5002830372192042
41,0.12497530836668252,-0.0031843561673949184,0.1845469865237449,0.0004261084027044055,-0.0002803178304741227,-0.32353878164766275
42,-0.3108306854287713,-0.0001264799745903854,0.47683831863712306,0.0011019583615544037,0.00027758676366999575,-1.0550955199630574
43,1.7730129528320344,-0.0013828968420646806,-0.3841162753302465,-0.0005084480479020567,-0.0006907839299734972,1.0282352037967295
44,1.0598692281708635,0.0025829300550136657,-0.8935225527033838,0.0027521266913841623,0.0005693435712926722,2.019850296361502
45,0.7217863122801663,-0.010840246488292736,-0.6262274615832119,-0.0011842832357283365,5.076021921478771e-05,1.439992988749351
46,0.3361407704334552,0.0010549178228923856,-0.5012500329115318,-0.00041771146599644415,0.00019133536485538456,1.1420551284793523
47,0.8157743036338664,0.00206836593110351,-0.31576514535243283,0.0006469906309868834,0.0007706681569984349,0.8134942895342991
48,1.1969868133493449,0.0029113800057225716,-0.7688392819388433,-0.0014823184141136004,0.0009705325054491076,1.769867451659498
49,1.0792068450519914,-0.004952132785121444,-0.4886347131905153,-5.818791100269645e-05,-0.00016116538517828367,1.2783356197554383
50,0.8893692857769153,0.0019409224639719128,-0.428715244372542,0.00029821389164206663,0.00050410502477717,1.104714699443571
51,-1.7727714879333583,-0.006226278529705026,-1.3275192908156457,0.007242437633289968,-0.00019868352219224228,2.1993994181234497
52,-1.8166942034626807,0.0011755710407872393,-0.3754861479093368,-0.0019565206865136803,-0.00018835161962129062,0.5620439773715006
53,-1.6183939634915296,0.0007934346788078507,0.10409413973016858,-0.00422363534105374,0.0004847286909881688,-0.48463422892379865
54,0.029554366304898844,-0.0027850848465793884,0.8773420597365872,0.003668841720969536,4.084216200076987e-05,-1.7080398085242379
55,-0.2993576481728076,-0.003502014347410348,0.47022832984818946,-0.003941749813204382,-0.00012640138706885087,-0.9968730509903297
56,-0.43685980916947836,-5.821469924746731e-05,0.5388133475644248,-0.007176381741035661,-0.00020967747965576096,-1.113711188336103
57,-0.7487566328371331,0.00351091314086658,0.07489655014644261,-0.004048485358989241,0.0010371839992344804,-0.09108247109445078
58,-0.2064005894115355,0.0011674819344819516,0.3781043826705733,0.00012505544706904853,-0.00014191066384874694,-0.6705412899870149
59,-0.6670379901764837,0.007191224428123008,0.3123161887171981,-0.010048332691236794,0.0009006194131001726,-0.6343556509551401
60,-1.0468921104729956,0.0020295611078229056,0.034725972223069335,-7.66443025287759e-05,2.0620772296308884e-05,-0.038667383731745684
61,-1.0492870342856724,-0.0015385950462549675,0.0022635213007535155,-0.002095449759121984,0.0003006980429992332,-0.1275962302969327
62,-0.8282524533256964,-0.0021043927316560167,0.033481816204923374,0.010457322916803255,0.00019390356706646718,-0.17187897573140734
63,-1.2249857950877825,0.0024386203866533143,0.09866928902489358,-0.0028821909988778114,-0.0001221911267403671,-0.2991273414352418
64,0.5383531178522095,0.0042484340892418255,0.3005215026769079,-0.013008226063429794,0.0003344835529142713,-0.6292774810983358
65,5.376847137472612,-0.010575251412605395,0.9310921854614879,-0.007627930966275991,-0.00047243197203847677,-1.7685033383065345
66,1.2380493933911196,0.005318347242090658,0.8594255436588769,0.0020652163281644526,-3.929847569166763e-05,-1.6528050506410594
67,-0.4682071001082185,0.00027505305318069014,0.2637658958408216,-0.0008436578359487107,0.00031006440376573735,-0.4436766491821502
68,-0.6357381228754301,-0.003193250640629761,0.08635684240922885,0.0029042923105373386,0.000521324922799839,-0.2572406121443192
69,0.04213089060707165,-0.0009079243487588293,-0.0214153598202743,-0.0009338069014761608,-2.371128989332534e-06,0.05049761069748468
70,-0.6827311999135276,0.00905454971345532,-0.7388515518343496,0.007776670103577378,0.0003854003420857305,-0.020475212204363255
71,0.5378479551618635,-0.0036106497292893547,-1.2357519995506154,0.009159722830138143,-0.001448108100658165,-0.12326612764979532
72,-2.4090839469686247,-0.014903692465219144,0.5729248752868585,-0.0025401787891406935,-0.0006167592364451055,0.16745874540617187
73,-1.8434609899186192,-0.0001239534926897424,0.7216319957200558,-0.0002587657156438827,-0.0004138401008025024,0.14298197884520525
74,0.4478106732303248,0.0009803281051125336,0.6453888346962063,-0.004494374390231868,-0.0003009279668345143,0.10276126175708368
75,4.760079526235713,0.020827184852990524,-0.4519461001198078,-0.003978452880023676,8.473995266237858e-05,-0.31582655985119307
76,2.6400915388700343,-0.0015797923370434932,0.407990758781619,0.0003786169591129213,1.5703558776025062e-05,-0.05830270215177303
77,2.686307652143386,-0.014491178767540636,-0.036119025788763616,-0.008040457297972042,-3.52894967799121e-05,-0.26395733816477773
78,7.138063277566893,0.02244347844511062,-2.11309143647341,0.002220746241068611,-0.00026448638617145807,-0.5749013359870637
79,10.39731130971183,-0.002380636342892245,-2.7800182357655383,0.003915940252487167,-0.00012687013980091632,-1.1878124230213876
80,0.836600525848067,-0.013731043993545222,1.110508303321976,-0.0011298277454293898,-0.0001013393225183087,-0.0672327065226805
81,0.15235104034164818,0.006092597654437527,0.7336918004323585,0.0023276100891457562,-0.00014573215146254374,0.10718005434689215
82,-1.5826029696217745,0.0077183461006139755,-0.24140766594911836,-4.685622712450278e-06,-0.00013978282101709196,0.08600668238125682
83,-2.1051407877919055,-0.037348705144097515,-2.2399553782489754,0.02938452573618514,0.00029912763167183105,-0.07636497797491354
84,-4.048454335053276,-0.061221224005022605,-1.4658706316823318,0.005250246968792065,-0.00033848622749174206,-0.13467514242738907
85,-4.175518493149576,0.0032289607122227434,-0.3786136841681396,-0.0006372293305096984,-0.0005403834369380177,-0.06792308250527217
86,-2.7555923339258594,0.002005695675079366,1.0801828566136225,0.003711472449282486,0.00032923248842022104,0.36778380615144357
87,-1.946974411874023,-0.0009881623375699968,0.5313851557216437,0.002978044684836013,-0.0006462280154298009,0.23945453258803498
88,0.09739522932467941,0.03098847777328946,0.08242761131347098,0.005918013070177149,0.00020021031114725015,0.32819988356394547
89,-1.1502527759055332,-0.005188423196015298,0.23355046219169265,0.004833743599769416,0.00027993073333796903,0.24288957159043958
90,-0.18360627191682186,0.010028316580870684,-0.12756371285189735,-0.007077462270393182,0.0004107232846512303,-0.07383516007368977
91,1.6867095810934718,0.032856276781088746,-0.8828907037422266,0.005176519675856363,2.5528933641086253e-05,-0.20494346081725
92,-0.517565368410668,-0.03214116991424318,-0.8050305573791515,-0.004948053265842961,-0.00020046488346547205,-0.17290133380409275
93,-0.43822574167688216,-0.01965283694864907,0.6028113997186623,-0.010566209118942673,-0.00043340561621593433,0.3137534486280225
94,-0.03957784646623227,-0.00793515565956764,0.6578534150545116,-0.0013910675336509058,-0.0015656678885137285,0.13672884670843752
95,-0.03703141995413642,0.0033220578725240662,0.5057053026902952,-0.0016257194592830438,0.0006693225576434854,0.037427982886009514
96,0.7365787515263614,-0.020048024013764643,-3.48054723378403,0.0032256237735271004,0.00016913849048960782,3.445492181114299
97,-0.2814382398878901,0.0015701200056383808,-1.3501064422904594,0.0013159881128164503,-0.00023320440000067745,1.3812673070816814
98,0.2507756983035088,0.013722045739529863,-0.25898111190962053,-2.131671552239553e-05,2.86157301738706e-05,0.41333950181311047
99,-0.011138532863647401,0.006686683552734165,-0.06640070654574182,-0.0018647564368263097,0.0005915379645911696,0.13832720321625983
100,-0.3314215938801974,-0.0027691663446565164,0.37561531379366125,-0.00046353799913411537,-0.0002768250223968394,-0.29580199569922166
101,-0.38132548202404176,0.0073130272179751125,0.5594498544078884,0.0015451482870257895,0.0006752534666185497,-0.5939427627725362
102,-0.2688388863960474,-0.012659523796837978,0.4144368812946042,-0.0013554071625104963,-0.0001849345277648303,-0.3316030368577321
103,-0.2108562266165168,0.0076516190889790335,0.6832385338056196,-0.00034926633281294223,-0.00029047093415353483,-0.647811520206741
104,-0.19381044127091443,0.0018264517929289551,0.7568732652243012,0.0035051409970669337,0.00023895971174913686,-0.6627815714066946
105,-0.13316327452495094,0.0015565422545479068,0.7901491829512298,-5.0270593188574315e-05,0.00010674688591251212,-0.7341887705684339
106,-0.026693018659047506,-0.0027764504491843084,0.8013307784040259,-0.001142852966196623,0.00012305297105598298,-0.7463286368013285
107,0.010843235770301376,-0.009849843004720004,0.6872028982963947,0.0002451375577999733,5.760400894103258e-05,-0.6525782318968973
108,-0.04517629234079724,0.003151892377041964,0.5179942561979214,0.00020668538540065843,-0.00016200328195878008,-0.5170224864210164
109,0.12697811338437287,-0.00048780268459232816,0.5355617738738503,-0.0010925186125035381,-0.000330947422884149,-0.4521297941273028
110,0.16655565090674015,0.004536803719854029,0.32316095739721024,-0.0033221030026226515,8.154700322084123e-05,-0.24938615586951488
111,-0.157757355851283,0.001529699602305038,0.20213251005715382,0.0014988617994631487,-9.094286166557202e-05,-0.19213403863473943
112,-0.492830474535479,0.002398853916205776,0.17855118520437854,-0.0003881489222580696,-0.0005491728787339255,-0.22239171171622663
113,-0.43823692469132336,-0.006361068993094843,0.11456777236734317,0.0011366694173554066,-0.0005409836785606169,-0.2155398766941887
114,-0.3092364471237032,0.003198596169309735,0.14946210225905304,4.8393758133662744e-05,-0.00022549488901496092,-0.15902171803599643
115,-0.30727901306204797,0.0027146586362884625,0.20128773140229025,-0.001318568514276832,-0.00030354410112159004,-0.22768719007688556
116,0.09489668323267002,0.004763044896354356,0.0822681344135709,-0.000536531650396355,-3.066106203204204e-05,-0.040142940339637584
117,0.1009789032416669,-0.00219598880454357,-0.2698453940867385,-4.9393285041917864e-05,-0.00025517804509784386,0.26554918772227504
118,0.11310501046063832,0.008461469956852843,-0.23175012230066158,3.97623455518491e-05,1.2342927050301823e-05,0.2799835415626703
119,0.417296675344718,0.00948724229086357,-0.16811713064958086,-0.0003763524476013771,-0.0007010460833131979,0.20643922071792828
120,0.5595711593719715,-0.002482316663593126,-0.3940389503332766,-0.000363859121484732,1.65550672732765e-05,0.5020005716876593
121,0.39916652510052303,-9.996186999958e-05,-0.599515943132631,0.0008952396412575174,-0.00016001745579051762,0.646830549939954
122,0.009216731357027394,-0.00025276039174878894,-0.05287926452524142,-0.0005100816724564469,2.77810176118214e-05,0.05215531233303947
123,0.9187789733953942,7.360635743848543e-05,-0.08005927335306078,-0.0006087103486620774,-0.0006156791287708632,0.31563610274257425
124,1.0194830235972203,-0.001966977925203546,0.43168094485346103,-5.6629527932818e-05,0.00035059843452942897,-0.7367038272053841
125,0.6616492147671406,-0.004172556604638313,0.4543324875744177,0.003809967662873382,-7.868412891807127e-05,-0.9908711391167871
126,-0.7572459276487563,-0.005899908117451444,-0.14915815168734883,0.008320634233999943,0.0005403714592463645,0.11929106324109899
127,-0.6484911097657539,-0.0010523395710500657,-0.591487953899894,-0.0005777551224758615,-0.0003479430300430944,1.0292246900095894
128,-0.9909803725846595,-0.000536319192581959,0.12597628971395947,0.0035932091384364984,-0.00024588434041576457,-0.3547351921985464
129,-1.198586609415725,-0.0016339809000251442,-0.16799119683943162,0.0031851055484471364,0.0005423640968050261,0.23951938401207273
130,-1.0492586945041689,-0.0010489918066869095,-0.8647400270342173,0.002965671290588503,-0.0003284720224010162,1.6421597177636993
131,-0.530042605854918,-0.002611554042990351,-0.523232461005854,0.001779870716120624,-0.0006569548858419568,1.043010490567761
132,-0.19185384796866575,0.007085286863130687,-0.3215134938577444,-0.0031738725874352666,6.813738192295392e-05,0.5648009479320624
133,-0.15533753680610213,-0.0041984847548289465,-0.966951588813371,0.004703439552531961,0.0002650306137099151,1.9504343330975518
134,-0.43189702862304163,-0.003332545645399102,-0.3382316249107416,0.0006590229964482887,0.00039627434913233763,0.5897761566571197
135,1.2041479889973314,-0.03293503704684168,-0.40560437179089953,0.0009198999270777599,0.0003154883711434876,0.7719222347265969
136,1.2962711034341399,-0.0009624920629569815,-0.16096251209768575,0.0007030372464937454,0.00030220596284070067,0.5002830372192042
137,0.12497530836668252,-0.0031843561673949184,0.1845469865237449,0.0004261084027044055,-0.0002803178304741227,-0.32353878164766275
138,-0.3108306854287713,-0.0001264799745903854,0.47683831863712306,0.0011019583615544037,0.00027758676366999575,-1.0550955199630574
139,1.7730129528320344,-0.0013828968420646806,-0.3841162753302465,-0.0005084480479020567,-0.0006907839299734972,1.0282352037967295
140,1.0598692281708635,0.0025829300550136657,-0.8935225527033838,0.0027521266913841623,0.0005693435712926722,2.019850296361502
141,0.7217863122801663,-0.010840246488292736,-0.6262274615832119,-0.0011842832357283365,5.076021921478771e-05,1.439992988749351
142,0.3361407704334552,0.0010549178228923856,-0.5012500329115318,-0.00041771146599644415,0.00019133536485538456,1.1420551284793523
143,0.8157743036338664,0.00206836593110351,-0.31576514535243283,0.0006469906309868834,0.0007706681569984349,0.8134942895342991
144,1.1969868133493449,0.0029113800057225716,-0.7688392819388433,-0.0014823184141136004,0.0009705325054491076,1.769867451659498
145,1.0792068450519914,-0.004952132785121444,-0.4886347131905153,-5.818791100269645e-05,-0.00016116538517828367,1.2783356197554383
146,0.8893692857769153,0.0019409224639719128,-0.428715244372542,0.00029821389164206663,0.00050410502477717,1.104714699443571
147,-1.7727714879333583,-0.006226278529705026,-1.3275192908156457,0.007242437633289968,-0.00019868352219224228,2.1993994181234497
148,-1.8166942034626807,0.0011755710407872393,-0.3754861479093368,-0.0019565206865136803,-0.00018835161962129062,0.5620439773715006
149,-1.6183939634915296,0.0007934346788078507,0.10409413973016858,-0.00422363534105374,0.0004847286909881688,-0.48463422892379865
150,0.029554366304898844,-0.0027850848465793884,0.8773420597365872,0.003668841720969536,4.084216200076987e-05,-1.7080398085242379
151,-0.2993576481728076,-0.003502014347410348,0.47022832984818946,-0.003941749813204382,-0.00012640138706885087,-0.9968730509903297
152,-0.43685980916947836,-5.821469924746731e-05,0.5388133475644248,-0.007176381741035661,-0.00020967747965576096,-1.113711188336103
153,-0.7487566328371331,0.00351091314086658,0.07489655014644261,-0.004048485358989241,0.0010371839992344804,-0.09108247109445078
154,-0.2064005894115355,0.0011674819344819516,0.3781043826705733,0.00012505544706904853,-0.00014191066384874694,-0.6705412899870149
155,-0.6670379901764837,0.007191224428123008,0.3123161887171981,-0.010048332691236794,0.0009006194131001726,-0.6343556509551401
156,-1.0468921104729956,0.0020295611078229056,0.034725972223069335,-7.66443025287759e-05,2.0620772296308884e-05,-0.038667383731745684
157,-1.0492870342856724,-0.0015385950462549675,0.0022635213007535155,-0.002095449759121984,0.0003006980429992332,-0.1275962302969327
158,-0.8282524533256964,-0.0021043927316560167,0.033481816204923374,0.010457322916803255,0.00019390356706646718,-0.17187897573140734
159,-1.2249857950877825,0.0024386203866533143,0.09866928902489358,-0.0028821909988778114,-0.0001221911267403671,-0.2991273414352418
160,0.5383531178522095,0.0042484340892418255,0.3005215026769079,-0.013008226063429794,0.0003344835529142713,-0.6292774810983358
161,5.376847137472612,-0.010575251412605395,0.9310921854614879,-0.007627930966275991,-0.00047243197203847677,-1.7685033383065345
162,1.2380493933911196,0.005318347242090658,0.8594255436588769,0.0020652163281644526,-3.929847569166763e-05,-1.6528050506410594
163,-0.4682071001082185,0.00027505305318069014,0.2637658958408216,-0.0008436578359487107,0.00031006440376573735,-0.4436766491821502
164,-0.6357381228754301,-0.003193250640629761,0.08635684240922885,0.0029042923105373386,0.000521324922799839,-0.2572406121443192
165,0.04213089060707165,-0.0009079243487588293,-0.0214153598202743,-0.0009338069014761608,-2.371128989332534e-06,0.05049761069748468
166,-0.6827311999135276,0.00905454971345532,-0.7388515518343496,0.007776670103577378,0.0003854003420857305,-0.020475212204363255
167,0.5378479551618635,-0.0036106497292893547,-1.2357519995506154,0.009159722830138143,-0.001448108100658165,-0.12326612764979532
168,-2.4090839469686247,-0.014903692465219144,0.5729248752868585,-0.0025401787891406935,-0.0006167592364451055,0.16745874540617187
169,-1.8434609899186192,-0.0001239534926897424,0.7216319957200558,-0.0002587657156438827,-0.0004138401008025024,0.14298197884520525
170,0.4478106732303248,0.0009803281051125336,0.6453888346962063,-0.004494374390231868,-0.0003009279668345143,0.10276126175708368
171,4.760079526235713,0.020827184852990524,-0.4519461001198078,-0.003978452880023676,8.473995266237858e-05,-0.31582655985119307
172,2.6400915388700343,-0.0015797923370434932,0.407990758781619,0.0003786169591129213,1.5703558776025062e-05,-0.05830270215177303
173,2.686307652143386,-0.014491178767540636,-0.036119025788763616,-0.008040457297972042,-3.52894967799121e-05,-0.26395733816477773
174,7.138063277566893,0.02244347844511062,-2.11309143647341,0.002220746241068611,-0.00026448638617145807,-0.5749013359870637
175,10.39731130971183,-0.002380636342892245,-2.7800182357655383,0.003915940252487167,-0.00012687013980091632,-1.1878124230213876
176,0.836600525848067,-0.013731043993545222,1.110508303321976,-0.0011298277454293898,-0.0001013393225183087,-0.0672327065226805
177,0.15235104034164818,0.006092597654437527,0.7336918004323585,0.0023276100891457562,-0.00014573215146254374,0.10718005434689215
178,-1.5826029696217745,0.0077183461006139755,-0.24140766594911836,-4.685622712450278e-06,-0.00013978282101709196,0.08600668238125682
179,-2.1051407877919055,-0.037348705144097515,-2.2399553782489754,0.02938452573618514,0.00029912763167183105,-0.07636497797491354
180,-4.048454335053276,-0.061221224005022605,-1.4658706316823318,0.005250246968792065,-0.00033848622749174206,-0.13467514242738907
181,-4.175518493149576,0.0032289607122227434,-0.3786136841681396,-0.0006372293305096984,-0.0005403834369380177,-0.06792308250527217
182,-2.7555923339258594,0.002005695675079366,1.0801828566136225,0.003711472449282486,0.00032923248842022104,0.36778380615144357
183,-1.946974411874023,-0.0009881623375699968,0.5313851557216437,0.002978044684836013,-0.0006462280154298009,0.23945453258803498
184,0.09739522932467941,0.03098847777328946,0.08242761131347098,0.005918013070177149,0.00020021031114725015,0.32819988356394547
185,-1.1502527759055332,-0.005188423196015298,0.23355046219169265,0.004833743599769416,0.00027993073333796903,0.24288957159043958
186,-0.18360627191682186,0.010028316580870684,-0.12756371285189735,-0.007077462270393182,0.0004107232846512303,-0.07383516007368977
187,1.6867095810934718,0.032856276781088746,-0.8828907037422266,0.005176519675856363,2.5528933641086253e-05,-0.20494346081725
188,-0.517565368410668,-0.03214116991424318,-0.8050305573791515,-0.004948053265842961,-0.00020046488346547205,-0.17290133380409275
189,-0.43822574167688216,-0.01965283694864907,0.6028113997186623,-0.010566209118942673,-0.00043340561621593433,0.3137534486280225
190,-0.03957784646623227,-0.00793515565956764,0.6578534150545116,-0.0013910675336509058,-0.0015656678885137285,0.13672884670843752
191,-0.03703141995413642,0.0033220578725240662,0.5057053026902952,-0.0016257194592830438,0.0006693225576434854,0.037427982886009514
192,-0.4837553750103054,0.025639699779779593,-0.7072458396051537,0.00186305061103265,-0.00019452643452087058,0.10224692469742917
193,-0.2505969050651664,-0.012847014033250108,-0.5868058566815592,0.00046859060681150297,-8.463375203659137e-06,0.07800311906761793
194,-0.12542757870108565,-0.01271718059046324,-0.5081495756939237,-0.001651340489462888,-0.00020691952142325092,0.07356095746951044
195,-0.10646523058574753,0.00503853535227998,-0.5520555174040628,0.003682956868933559,-0.00037683880880982874,0.04344652905372572
196,-0.1157667560109632,0.0015830204806868994,-0.4789034206527823,0.001786824656222864,-5.383354308193957e-05,0.048598917233928375
197,-0.3166102633302614,-0.01730975590964828,-0.2595535085554044,-0.010422830383911385,0.00012051675551664631,0.04353808464142168
198,-0.4338428589682736,-0.0017683094726589797,0.16043830475005472,0.009537295891780843,-0.00017202593586003386,0.06258601770345458
199,-0.6145456395287977,-0.002200904706266844,0.01628761503406552,-0.0030831893147809375,0.0002516405274413979,0.049084961353419
200,-0.5299958193187267,-0.002597903823975453,-0.03627855130240367,0.000744328200490959,-6.609150950126526e-05,0.01574869198056159
201,-0.43670705188313524,0.0022099026447666686,0.04678925152991755,-0.001976717163210832,-0.00010906253644705363,0.012452371510189271
202,-0.5356952485920532,0.0024686457368375205,-0.4014025440117936,0.002124532914003672,3.8849855572971553e-05,0.016307927542794514
203,-0.446741279274572,-0.0017019976904367286,-0.457123950583674,0.0007837004754315394,-6.374758182344291e-05,0.013881426259054593
204,-0.3458885847635495,0.00047402412392196576,-0.5446845492999087,-0.0008932533285211091,0.00013662203580287383,-0.025742853284624206
205,-0.33073575865743937,2.736355253158041e-05,-0.4864850938092999,0.00014858363994936375,0.0001333767220211536,-0.0030670546334020817
206,0.021052680187859857,-0.0006811032909476757,-0.08419956014564152,-0.003430897354716878,-2.6514221163375086e-05,0.01393312499191546
207,0.05481389610794279,0.0010405070401920157,0.051613002774233446,-0.0024640116677039055,5.6216642543567844e-05,-0.09822436809057777
208,0.33594649850423175,0.012187215046079997,0.5545585673470895,0.0016729948742419689,-6.410692914380065e-05,0.07180327680067722
209,0.3391175506671189,-0.0010562667123865854,1.0360429705001142,0.004918409150958236,-0.00020960817060067724,0.049471651381804975
210,0.49890222605530204,0.0035789306946741027,0.677648811105633,-0.0034220847011497096,-4.560913435001493e-05,0.039056093945146635
211,0.508288377328538,-0.0019993233481208276,0.36953732018660945,0.0037079255371136296,1.4977275385598044e-05,-0.026091704953194284
212,0.48593142201234674,-0.0012565758806276364,0.3467829590742279,2.703073134297896e-05,-3.5868798845002276e-05,-0.01754199261844364
213,0.46465606491803957,0.002656013044653677,0.2530782001405565,0.0029840273265173134,-0.00026147933088668064,0.009756120816499202
214,0.18490613525342406,-0.0006838840862807469,0.02827660979278336,0.00026283620361738593,7.750252231343539e-05,-0.014143421395802611
215,0.37431451798481313,0.01098166922024989,-0.010045940113364737,0.0023164676757033006,-0.0002004365245626876,-0.016269834194714224
216,0.17498038579668676,-0.00393637198158822,0.03778221482889387,-0.001481619406910951,0.0001504515552548568,0.033775729698632274
217,0.1612212187139361,-0.0014496779516239894,0.028013427244892367,-9.043018409641063e-05,-0.00015458496214039265,-0.013702409428984501
218,0.12164614303741346,0.0011960315936403905,0.0523784792565247,-0.0014264861511977592,-0.00023387009834114098,-0.016173325511326615
219,0.1652697135374269,0.002753458682076099,0.09685561329479664,0.00028347395819507983,9.174452242140413e-05,0.0022130203706804195
220,0.14050520785144457,0.0008134565207223027,0.021085016873702355,0.0028631118786096327,0.00010486015344123313,-0.008074562819728412
221,0.15635514738324383,0.0040080803745281765,-0.05222071385399755,-0.0004324691196272557,-0.00010767246544579164,-0.019634855806863694
222,-0.5197814062879038,-0.013593839534427533,-0.3661472905365039,-0.002693267686153512,-0.00045610884016736156,-0.006318664891397741
223,-0.43422099129846,0.003959970836470775,-0.12443359269969732,-0.0013656345947313838,-0.0002835935792957644,0.01121844189473827
224,-0.304942458124942,0.0004567171266338831,0.06382509192678794,0.0025638319494021605,-9.698952420254669e-05,0.017840542090036677
225,-0.28458013426948553,-0.0016385540135546329,0.18474973397230707,-0.0008953041509263864,-0.00042565818853304685,0.01857067755034195
226,-0.2257831642630831,-0.0045636111696114555,0.11074938275674064,-0.0018540773294610218,-0.00012182084254717817,0.027711001788431416
227,-0.14736697757938005,-0.006919765708857187,0.05179597735979948,5.998492253817056e-05,-0.0003347134423237634,0.01186493003582409
228,-0.1784400272594456,-0.0006367202149391356,0.04114850162869089,-0.0013573564022681854,-0.0001808904239067846,0.0041962415925579045
229,-0.1319993098277595,-0.0006750160897368156,0.027648984452784478,-0.00023111478969856615,0.00015311750426452885,0.009786247751431349
230,-0.06838629317083054,-0.000786563504867032,-0.011090478222574413,-0.002151470495790732,-1.3314147882407203e-05,0.022320728409260027
231,0.005636842776965473,-0.0009982160504928153,-0.09207887233226408,0.002254373836819963,-0.0002438094954052197,0.013881488852935601
232,0.28170423758169344,0.00040713738206195403,-0.152599340928764,0.0014047087838022537,-0.0003784355638547351,-0.010131489627544349
233,0.19423869688824483,0.000899537486738941,-0.11998270506563284,0.0013421019456118374,-8.985950925036437e-05,-0.0036570811215904182
234,0.04237153525245214,0.00012311120439754183,-0.029431063591145782,-0.0001074229237433639,2.7597252557313665e-05,-0.0017156724914135786
235,0.09835454482200943,-0.0011618841709948415,0.08842791339706378,-0.0027361441786470752,-7.589821037853622e-05,-0.010124175510940366
236,-0.791770046570394,-0.014241847515768052,-0.3998685879117856,0.00016143405821354194,-0.00023292444602330116,0.08873479114860078
237,-0.42500870930996565,0.0031414940403421336,-0.6363880938185537,0.00041460445565356843,-2.7705172334669176e-05,0.04437855286703554
238,-0.6322027988578092,-0.005944034056939951,-0.5103239101092513,0.003762987135731187,8.048502592382778e-05,0.04220234069378052
239,-0.6212341830934976,-0.0011474028908676583,-0.16369799563118195,0.0009548061037819703,-9.299647050968375e-05,0.02389194941577814
240,-0.38809951414715305,0.013049263997292589,-0.608198904184505,-0.0027166857362088707,-0.000593563844143184,0.07422802036437692
241,-0.03084232885670572,0.01705657934582032,-0.4465336939036022,-0.0023626509710560606,-0.00014989929154177352,-0.030506193932112634
242,0.7397969454213142,-0.002170579811803375,0.3330696418734012,-0.0010537422109404531,-4.7675728507404657e-05,-0.06685344159329182
243,0.3295348975149901,-0.0066340965307080816,0.29900154841002535,0.00046538652427532685,-0.0003715951465517975,-0.04891120159021737
244,1.104277524113648,0.009831068533185102,-0.13815297588085196,-0.0013271211926291775,-0.0004183286231185232,0.002513148412303686
245,1.1494087231440402,-0.01171287607701203,-0.16204637529983584,-0.00037694039985112794,1.0927523657435852e-05,0.021487778736544245
246,0.9806823505099884,0.011898481503194464,-0.25996380560524596,-0.0038735368429109146,-8.914268311395049e-06,0.048929691475135484
247,0.7052222370201663,-0.011238445469222412,-0.40325518696984225,-0.001297075281671989,0.0005795908352519809,0.03393387845949674
248,-0.3972951435990327,-0.0118374573624742,0.7214668440547061,-0.0025559240542011937,0.00042109525920649114,-0.10666250376040891
249,-0.4373657449654093,-0.006784387658810512,2.5782744893277445,-0.009154346199780564,-0.00046861233454703946,-0.4397794336663172
250,0.1918535569374039,-0.0068192205866695966,-0.46664188455478034,-0.0007806228870952032,-0.00012110872187610743,0.006653394362270748
251,0.1552881142016817,0.02060308678210662,-0.3123420452921863,-0.001338523519012833,-7.811444078387913e-05,0.08986322812773262
252,0.38285499557504243,0.009015911899569885,-0.4113789040829303,-0.0017005240634263797,0.0004634295113172829,0.17957026882062432
253,0.07431385692985149,0.006456273491638168,-0.2622238681788215,-0.002721768266262429,0.00015892975312402523,0.06261829106852548
254,0.16721231144062185,-0.011927755517509126,-0.12727733054616205,0.00039648356762217815,-0.0008796080736301137,0.01441186314104582
255,0.6103275924795398,-0.0009829793895576892,-0.3275992095216433,0.00016402729012182318,0.0005834859929215589,0.0520926046470725
256,0.36806101239857175,-0.005295687744412448,-0.8474696789691478,-0.0011710497992391488,0.0007476414507292731,0.10094717998660112
257,0.1700812090908931,0.0037697049226957354,-0.5256232864878191,-0.006267365444847813,-2.9995490780979302e-05,0.04786762225385637
258,-1.2207158500969277,0.004796312440231634,0.40466296573223604,0.008652731988194478,-0.0007155660676071927,-0.03290635348991249
259,-0.7814246905592962,-0.04706797136378262,1.7857502663993372,-0.0022673363849982607,3.628984167402937e-05,-0.13265203670619088
260,-0.4506856682688478,0.009184945419600705,0.011515104172301602,0.0010708504901951472,-0.0001458485708515567,0.08179245279805053
261,0.707274559655013,0.007341420741164176,-0.2642115700735976,0.0019365083438853338,-0.00023232945437052965,0.2977323915025059
262,0.6818223846528791,-0.0032708771351055207,-0.21528260129569698,0.001073715738904238,0.0006645863126735829,0.3130989621724409
263,0.5372933276121702,-0.00732746971489186,-0.20886807594059997,-0.004403059275864556,5.906140282479633e-06,0.3345987919533453
264,0.4361400888240013,-0.010349673929725621,-0.09593155943502253,0.0033260499347065623,-0.0003642970339099376,0.19333853724929917
265,0.5060776827335148,0.00114388736406687,-0.24430895207606795,0.000638880585103737,-0.000331355426671389,0.3156296436514519
266,0.4148754818995333,-0.009027639361119237,-0.23440004637716175,0.0015226450710578998,0.00024254561026110518,0.29220865703669524
267,0.34621879957601415,-0.006777661323616293,-0.30170923498161845,0.004507998142280695,-0.00034124775833910476,0.31036485152412174
268,0.36627675355344064,0.012988020429322844,-0.26958609506850084,0.0032135155976403037,-0.00034933680709121933,0.2894042400533107
269,0.3385163034841486,0.005974927839996816,-0.2688913204410608,0.000864041055829873,3.60305052362978e-05,0.3211636202702695
270,0.34309802798705685,-0.00857606355078583,-0.1354759865226012,-0.005390842191505786,-7.685796368125652e-05,0.19318406588367498
271,0.20312243019112178,0.00887622636187576,-0.1874958040547087,-0.0008279108633239974,-5.99526529481864e-05,0.2350651066338443
272,0.08340471283690616,0.024152643402433574,-0.19162378956543635,0.00013541370762188592,0.00027779068164753847,0.20153212988158642
273,-0.02228553367303032,-0.006861216201245864,-0.15477980776617428,0.0027200589803077786,-0.00026914796439912617,0.1814846993806127
274,-0.07962933104724874,0.00019519719699233895,-0.17978622449809453,-0.0011254786967471958,-0.00014552319766414622,0.1724786288141109
275,-0.14922216940647115,0.003086859789797301,-0.24346915039767322,-0.0016981298031179194,1.6509952992110865e-05,0.21595979468425205
276,-0.12023189100485861,-0.020414755060995094,-0.17406725660590347,0.004150712031763994,0.0002042397920164296,0.19924885488486277
277,-0.1762512038047769,0.0027800328368673285,-0.21861333514234893,-0.0005464110451357318,-0.00012429482560028882,0.22705936580995933
278,-0.18233474545141978,0.0021016874684416185,-0.21455729504761092,0.0017248954535154545,0.00018596052926441185,0.1798731148312144
279,-0.1639623250933104,0.003927933624227529,0.09198956244926965,0.005938254689998761,0.00014175502152558958,-0.08219441432334187
280,0.2024442261738487,-0.02118170104822977,-0.2022784707876828,-0.002787357379648169,-4.3906898732163244e-05,0.09325131039575575
281,0.09564128162124064,-0.005194011511889724,-0.14641560567958342,-0.0042339319082773455,0.00023655518441882074,0.10955455061603574
282,0.06607809341950156,-0.00792887506073097,0.023172701142033042,-0.0014278661251292137,0.00034913519411342443,-0.06372723140258192
283,-0.0937664708733771,-0.0019694815754118943,0.24830946763357412,-0.00078145718568176,0.0004214488087997835,-0.30118633962813685
284,-0.17414843789298814,-0.004859029845496198,0.3235217219412709,-0.00023661685586923446,0.0002867449661177217,-0.35770870496867796
285,-0.2625342802035797,0.002635228680972987,0.2965803654422972,-0.001628085729605125,-0.00043054589918245306,-0.3833342253093763
286,-0.1276855428305513,-0.011092961051045786,0.21827345596004388,0.005283734037741587,2.661003685234421e-05,-0.27934043530819813
287,-0.06853521004382845,-0.011114799265868428,0.12823248449816219,0.0015858242825540227,0.00012125010501740435,-0.11622700671834957
288,0.027564154511511132,0.002961115564554374,0.18009512588642285,-0.006264393338231962,-0.000440715064304401,-0.15745405739117432
289,0.12624969533990715,-0.00034148734704538946,0.1128744763300279,-0.0018732310733858466,-8.893424400186705e-05,-0.07130070211452516
290,0.045683143580551984,-0.012072572650207085,-0.05114607027806465,-0.002427575815929151,0.00042461959701612213,0.0856634527956952
291,-0.03747679135451975,0.0052009524823194465,-0.0018097198762989871,0.0018671378178194433,0.0005828363641231812,-0.05325991034786106
292,-0.011214992045715378,0.00030708010223780627,0.14791135161354577,0.0008975048281396828,-0.00012316059528863225,-0.07447877035424649
293,0.05956939082711618,-0.0020804615410342305,0.08585491969047349,0.003672982949788233,0.0005361041172877745,-0.02125070021851389
294,0.0772535253924519,-0.0007693294843100186,-0.1701675305485637,0.006514334258207365,-0.00036131079132982973,0.04551254767925588
295,-0.031541341071992114,0.005302932643017752,-0.049960029765677316,0.0024149029150041007,0.0004913269572046957,0.1301875912949643
296,-0.12851332886183994,0.0005314536330299806,0.043568409871984355,0.002132334767240441,0.00023635779983679445,-0.0076109895540220724
297,-0.11611199979227527,-0.00857537297852038,0.07425058024982209,0.0005791946268730702,-0.00030116566312129387,-0.03997910016936492
298,-0.10932408465857009,0.0006570046813446831,0.0843964658974698,0.00029322602909524434,-0.00026839408469889805,0.06464948346274671
299,-0.16420633524449918,0.0011861294539684203,-0.024859453884585256,-0.0012621501459138147,-0.0001108304511071086,0.008997804103392959
300,-0.14332121937323578,0.0031586514210076564,-0.04880950968686424,0.0042602881465578215,0.00019964876856561355,-0.015141435746482024
301,-0.13707418469924537,-0.0030137662704678853,0.010942845125513356,0.00031800004149702357,9.938249944941793e-05,-0.08929740012631944
302,-0.12067046883770376,-0.0042498217541698975,0.02852776549139799,-0.0006307629180981189,-0.00028958790058931764,-0.056976753391081936
303,-0.08787243388442856,0.002543264809648525,0.06619527008487158,-0.0013894585873534492,1.8764864685069296e-05,-0.019264122233095992
304,0.03340384055668754,-0.0008007341300436135,0.0005253208349704179,-0.002095728940989688,-0.0003423980476518453,0.024577812966670873
305,-0.10563713402352247,-0.0021865878821772655,0.017113918935216632,0.0069492510879913105,2.091008487031552e-05,0.005688939126035251
306,-0.03280343035663628,-0.0028597658278396378,-0.01510267623858079,0.005312324472629352,0.00043482942990209794,0.10316284012801179
307,-0.0791144902111914,-9.090076977720834e-05,0.028893688552164575,0.002829088870577252,0.0003197134700760584,0.04728276627090374
308,-0.08520301898680077,-0.0016911706861673093,-0.014780032284813185,0.00018777520018599178,0.00045049988037450315,-0.04538725747229184
309,0.008187412663045512,-0.006311022117921349,0.09601782477185572,-0.004910417606965098,-3.570937434899364e-05,-0.011533436003920308
310,-0.01335747968420361,-0.0006566860339455393,-0.0036790911426957166,0.001863140868033494,5.684716906826763e-05,-3.209714556700697e-05
311,0.16830681866171102,-0.006414783572232034,0.03610566505594578,0.0029065743659338235,-4.3993826630198784e-05,0.1131346952022213
312,0.10556905040974052,0.0034607061397214423,0.025783910944626075,0.0004043783156223367,0.00012314738498441592,0.018549759259522708
313,0.008789959466175256,0.004103794119445766,0.07389128958552332,-0.0018996948183884648,-6.22539784655027e-05,-0.028230348586415054
314,0.026282921620803302,-0.0034446548541904325,0.0016780360010882286,-0.0028224625403597487,-0.00041502556408278343,0.06119481243156908
315,0.20297280623962943,0.00257413379150485,-0.12844487059059856,-0.006907507209801032,0.00031776052719941953,0.13007197702222376
316,0.03206068320873478,0.0022792769386467088,0.028782756667345744,-0.0005272046595905313,-1.3601496991531065e-05,-0.005343533316805857
317,-0.02849767405008996,-0.0053663102632286784,-0.23897683316849064,-0.00038730833585401495,0.00022086489541518195,-0.09917322574123259
318,-0.06873089055383265,-0.008898540999768308,-0.17794986748567757,-0.00024227420414943147,0.00023870342760402404,-0.06763993456071148
319,-0.04911441332561861,0.012964314324823778,-0.0825544369077764,0.0007465699831963958,0.00010877105026773682,-0.0628658527277056
320,0.028343740184702954,0.010827929648909305,-0.08064038314817532,0.002116896119661643,0.00016406019615973548,-0.04489612379450001
321,0.13285559863038057,-0.0012901117411662612,-0.1269886139705438,0.0008488883238412984,0.0003292875651897769,-0.058188657451005425
322,0.02910539922385473,-0.004046373415178554,-0.097089135379362,0.00181336424612112,2.310685550236251e-05,0.006582251350681227
323,-0.08957910583828053,-0.0038231994922415424,0.05463493323591747,-0.0038344517894239446,-0.00024399442371031958,-0.03136936423649642
324,-0.01047242583026224,0.003015748065679638,0.07433640823123126,0.0003819643804233631,0.00024018016022008288,0.002890998948962114
325,-0.050515591840466535,-0.002589656713400529,-0.009434650929839519,0.00020415237794945177,-0.00027812560873552704,-0.029822451995144408
326,-0.0734683855869873,0.00918281168013345,-0.0856631982477624,0.0022551414509943296,0.00012450796953666798,-0.03721335580283726
327,0.04517289915354649,-0.008455944084843015,0.23163727266790615,0.0008310886454900368,-0.0001971452120312528,-0.0012587004537257251
328,0.0651571499479557,-0.002168766485023153,0.12358445809506537,0.0008747189904376884,-0.0003600808624447834,0.0438200256880697
329,0.17619885982678993,3.1976925912801454e-05,0.09937864140947876,0.005132604727368363,0.00017920254823336267,0.053566908238963644
330,0.2578120511562166,-0.0006008979197735885,-0.10633772532839418,0.000275160152859728,2.4698868025771053e-05,0.024177424137577824
331,0.14458129480222973,0.0016986574345498183,-0.04700538349025912,-0.0009305275477519038,-0.00032788378027392116,0.05290475769103515
332,0.14594954664757306,-0.003095912834264289,0.1353520587865137,-0.00030369191914074645,-0.00023025941652727872,-0.02159662574928828
333,0.13338165988579656,0.010329150304369499,-0.029030267948290958,0.0005369261976127275,-0.00014371424032841017,0.05431213069186738
334,-0.03337537169404334,0.0021466407348592243,0.15379235689413162,-0.0007853216406434069,-8.744570699991514e-05,0.0624744050903962
335,-0.19187659588954922,0.007021229603212783,-0.06973859785327079,-0.0013253791712040264,-0.0002668794750353731,0.009393159202691568
336,-0.5385869231390795,0.015333297741848651,0.02466149639103467,2.1213830581855692e-05,-6.529126553687658e-05,-0.00814555837604502
337,-0.37754091606310086,0.0033992766967510246,0.18000841588875502,0.0035540497973767806,0.0001543185942150767,-0.034463801742385926
338,-0.2707447743875064,0.004707146942648222,0.1975068980407373,0.0030637978616438596,-0.00022977375534638652,0.07483566699583702
339,-0.5061833596359845,0.004151880936371217,0.26448209757726776,-0.0008712356898630489,-0.00019847817610831923,0.07674401794147699
340,-0.3184796610765119,0.004155296381187332,0.28153558252142524,0.0021984537947590554,0.00027694449896326664,0.08769426504265808
341,-0.3632905185766022,-0.006040714496064737,0.2981402723317755,0.000925023329501971,9.793198879317803e-05,0.055822613056167335
342,-0.32902029089547663,-0.0040021531286737735,0.46819188581391485,0.0011948641573053633,-2.3469513612065576e-05,0.13105148171513403
343,-0.36574590392983347,0.011300846853141828,0.4965340307581192,-0.00026584777634762436,0.00024162621975302396,0.11536993176718773
344,-0.24320536107664167,0.011463755793895507,0.5942888062961192,0.003185043122181343,0.0001447144379003216,0.1386392416822213
345,-0.0933971287403788,0.0027607499499476174,0.3127444438662032,0.0027245199787708694,2.651886874883763e-05,0.13719267098876212
346,-0.12654840239774964,0.010562240414742585,0.0394241717175014,0.0024472585990010245,9.181289813579673e-05,0.05883333684530364
347,-0.09803618205973792,-0.000994640993812153,0.5637225831516288,0.0015344875273255263,-0.000167997860835713,0.1649588836906883
348,0.2406541044339439,-0.0014693602689089637,0.8084201259120092,0.0017427387880178126,-0.00037639891822165394,0.26138417989992996
349,0.2779523147157773,-0.01489308068213604,0.9430930813586281,0.0006498078263510417,-1.4767750813661016e-05,0.2645632158641088
350,0.1615360641762887,0.0006584670750538164,0.8124660180287767,-0.0019436443567770263,0.00010986330569126808,0.2588320262850146
351,0.018432720867863586,0.0019466991336033774,0.5146785790489887,0.0029316304023594415,2.1629516082569108e-05,0.21909507972469108
352,0.14183789419660267,-0.001553487393407728,1.033893406138714,0.0016450219045720986,-0.00017180439523833494,0.3076496276683374
353,0.22093249834200376,-0.005992946140980852,0.7670710575890634,-0.0003019483117363009,-0.0002776389329441832,0.26064095657445757
354,0.09315276063272432,0.003039319447409512,-0.09175103424551763,-0.014129160416565487,0.00032758866605162935,-0.05654996182573805
